StartTime,Flgs,Proto,SrcAddr,Sport,Dir,DstAddr,Dport,TotPkts,TotBytes,State
15:15:59.384686,          ,man,0,0,,0,0,0,0,STA
15:16:50.113712,          ,man,0,0,,109,1,550,10994904,CON
15:17:50.106780,          ,man,0,0,,156,1,607,11045080,CON
15:18:50.113969,          ,man,0,0,,188,1,492,11079424,CON
15:19:50.173471,          ,man,0,0,,217,1,510,11112304,CON
15:20:50.158602,          ,man,0,0,,247,1,538,11144456,CON
15:21:50.151245,          ,man,0,0,,290,1,535,11193896,CON
15:22:50.139301,          ,man,0,0,,340,1,627,11247968,CON
15:23:50.191322,          ,man,0,0,,379,1,593,11291808,CON
15:24:50.179616,          ,man,0,0,,414,1,563,11333696,CON
15:25:50.182715,          ,man,0,0,,446,1,518,11366824,CON
15:26:50.145355,          ,man,0,0,,490,1,538,11415536,CON
15:27:50.121727,          ,man,0,0,,526,1,588,11454264,CON
15:28:50.111228,          ,man,0,0,,567,1,547,11499080,CON
15:29:50.141402,          ,man,0,0,,596,1,544,11533176,CON
15:30:50.135726,          ,man,0,0,,649,1,620,11591144,CON
15:31:50.173685,          ,man,0,0,,697,1,597,11649104,CON
15:32:50.194907,          ,man,0,0,,742,1,596,11695872,CON
15:33:50.195512,          ,man,0,0,,771,1,528,11727536,CON
15:34:50.129339,          ,man,0,0,,804,1,561,11763584,CON
15:35:50.199115,          ,man,0,0,,835,1,526,11798656,CON
15:36:50.134646,          ,man,0,0,,886,1,565,11853852,CON
15:37:50.179791,          ,man,0,0,,919,1,525,11889412,CON
15:38:50.137100,          ,man,0,0,,958,1,574,11931548,CON
15:39:50.163472,          ,man,0,0,,992,1,601,11967596,CON
15:40:50.193173,          ,man,0,0,,1032,1,553,12011436,CON
15:41:50.178214,          ,man,0,0,,1060,1,516,12043340,CON
15:42:50.149278,          ,man,0,0,,1095,1,542,12082308,CON
15:43:50.160602,          ,man,0,0,,1135,1,541,12124932,CON
15:44:50.151253,          ,man,0,0,,1169,1,538,12163412,CON
15:45:50.167824,          ,man,0,0,,1199,1,508,12195076,CON
15:46:50.164182,          ,man,0,0,,1241,1,597,12241108,CON
15:47:50.103473,          ,man,0,0,,1274,1,595,12276668,CON
15:48:50.179427,          ,man,0,0,,1305,1,542,12308820,CON
15:49:50.105204,          ,man,0,0,,1352,1,558,12362156,CON
15:50:50.143622,          ,man,0,0,,1386,1,509,12398204,CON
15:51:50.167327,          ,man,0,0,,1428,1,583,12447884,CON
15:52:50.188946,          ,man,0,0,,1454,1,525,12473948,CON
15:53:50.169737,          ,man,0,0,,1489,1,552,12510484,CON
15:54:50.129244,          ,man,0,0,,1525,1,587,12549940,CON
15:55:50.121693,          ,man,0,0,,1555,1,565,12582820,CON
15:56:50.123350,          ,man,0,0,,1594,1,568,12624956,CON
15:57:50.167376,          ,man,0,0,,1625,1,529,12660756,CON
15:58:50.157282,          ,man,0,0,,1658,1,513,12695100,CON
15:59:50.196266,          ,man,0,0,,1691,1,532,12729444,CON
15:15:50.675195, e        ,tcp,162.243.190.66,56640,  <?>,137.184.18.211,902,352,23432,CON
15:15:50.925349, e        ,tcp,91.198.115.205,1395,  <?>,137.184.18.211,18080,10,746,FIN
15:15:51.352200, e        ,tcp,92.63.197.171,43737,   ->,137.184.18.211,17720,3,166,RST
15:15:51.736152, e s      ,tcp,137.184.18.211,18080,  <?>,162.218.65.2,ripd,2098,161013,CON
15:15:52.781213, e        ,tcp,162.218.65.252,62113,  <?>,137.184.18.211,18080,10,746,FIN
15:15:53.779448, e        ,tcp,162.218.65.140,45669,  <?>,137.184.18.211,18080,14,1053,FIN
15:15:54.096802, e        ,tcp,40.115.49.158,59420,   ->,137.184.18.211,ms-wbt-server,7,468,RST
15:15:54.805719, e        ,tcp,111.7.96.134,10639,   ->,137.184.18.211,12407,2,120,RST
15:15:56.709862, e g      ,tcp,162.243.190.66,58794,  <?>,137.184.18.211,902,360,24040,CON
15:15:57.292545, e d      ,tcp,198.211.111.194,21385,  <?>,137.184.18.211,902,10288,1008428,CON
15:15:58.628213, e g      ,tcp,162.243.190.66,34441,  <?>,137.184.18.211,902,696,92668,CON
15:15:59.042678, e        ,tcp,162.218.65.253,11120,   ->,137.184.18.211,18080,21,1791,FIN
15:15:59.373086, e s      ,tcp,91.198.115.205,7674,   ->,137.184.18.211,18080,80,6338,FIN
15:16:03.677891, e        ,tcp,54.149.99.181,55274,   ->,137.184.18.211,ms-wbt-server,7,468,RST
15:16:14.388422, e        ,tcp,91.240.118.71,52931,   ->,137.184.18.211,25039,3,166,RST
15:16:16.439312, e        ,tcp,40.115.49.158,64044,   ->,137.184.18.211,ms-wbt-server,7,468,RST
15:16:24.290875, e        ,tcp,162.218.65.254,21170,   ->,137.184.18.211,18080,21,1791,FIN
15:16:28.532946, e        ,tcp,54.149.99.181,61700,   ->,137.184.18.211,ms-wbt-server,7,468,RST
15:16:34.284241, e        ,tcp,5.188.206.134,50467,   ->,137.184.18.211,32594,3,166,RST
15:16:34.705285, e        ,udp,137.184.18.211,48032,  <->,67.207.67.2,domain,2,178,CON
15:16:34.705702, e        ,udp,137.184.18.211,42147,  <->,67.207.67.2,domain,2,190,CON
15:16:34.709098, e s      ,tcp,137.184.18.211,53162,   ->,51.89.217.80,9999,423,73993,CON
15:16:35.018097, e        ,tcp,88.152.9.188,32072,   ?>,137.184.18.211,18080,1,56,RST
15:16:35.248413, e        ,tcp,104.248.172.218,61953,   ->,137.184.18.211,8001,2,110,RST
15:16:36.727236, M        ,tcp,137.184.18.211,38014,   ->,169.254.169.254,http,10,2113,FIN
15:16:38.709682, e        ,tcp,40.115.49.158,52668,   ->,137.184.18.211,ms-wbt-server,7,468,RST
15:16:39.317909, e        ,tcp,91.198.115.2,63014,   ->,137.184.18.211,18080,21,1791,FIN
15:16:42.453118, e        ,tcp,92.63.197.169,47138,   ->,137.184.18.211,6268,3,166,RST
15:16:50.059380, e        ,tcp,42.3.7.90,23442,   ->,137.184.18.211,2323,2,110,RST
15:16:51.293683, e        ,tcp,5.188.206.66,57941,   ->,137.184.18.211,8153,3,166,RST
15:16:54.202345, e        ,tcp,54.149.99.181,51749,   ->,137.184.18.211,ms-wbt-server,7,468,RST
15:16:54.575695, e        ,tcp,91.198.115.3,52936,   ->,137.184.18.211,18080,21,1791,FIN
15:16:55.379167, e        ,tcp,185.95.16.5,35632,   ->,137.184.18.211,18080,7,773,FIN
15:16:59.468500, e        ,tcp,91.198.115.205,46381,   ->,137.184.18.211,18080,59,4772,FIN
15:17:00.723272, e        ,tcp,40.115.49.158,57085,   ->,137.184.18.211,ms-wbt-server,7,468,RST
15:17:09.824085, e        ,tcp,91.198.115.4,44391,   ->,137.184.18.211,18080,21,1791,FIN
15:17:14.272499, e        ,tcp,71.6.233.94,9000,   ->,137.184.18.211,9000,2,110,RST
15:17:19.251130, e        ,tcp,54.149.99.181,58178,   ->,137.184.18.211,ms-wbt-server,7,468,RST
15:17:23.798105, e        ,tcp,185.156.73.107,52462,   ->,137.184.18.211,31876,3,166,RST
15:17:25.155850, e        ,tcp,91.198.115.5,14978,   ->,137.184.18.211,18080,21,1791,FIN
15:17:26.231232, e        ,tcp,40.115.49.158,61843,   ->,137.184.18.211,ms-wbt-server,7,468,RST
15:17:40.350590, e s      ,tcp,91.198.115.6,55348,   ->,137.184.18.211,18080,27,2979,FIN
15:17:42.753058, e        ,tcp,111.7.96.135,14582,   ->,137.184.18.211,6661,2,120,RST
15:17:43.677671, e        ,tcp,91.191.209.14,47966,   ->,137.184.18.211,5841,3,166,RST
15:17:44.564570, e        ,tcp,54.149.99.181,64603,   ->,137.184.18.211,ms-wbt-server,7,468,RST
15:17:47.081528, e        ,udp,137.184.18.211,48839,  <->,67.207.67.2,domain,2,234,CON
15:17:47.081723, e        ,udp,137.184.18.211,48745,  <->,67.207.67.2,domain,2,234,CON
15:17:47.081964, e        ,udp,137.184.18.211,34064,  <->,67.207.67.2,domain,2,258,CON
15:17:47.082048, e        ,udp,137.184.18.211,40394,  <->,67.207.67.2,domain,2,258,CON
15:17:47.086447, e        ,tcp,137.184.18.211,36812,   ->,104.16.182.15,https,62,120682,FIN
15:17:49.431459, e        ,tcp,193.163.125.51,42365,   ->,137.184.18.211,50996,2,112,RST
15:17:50.746171, e        ,tcp,40.115.49.158,50098,   ->,137.184.18.211,ms-wbt-server,7,468,RST
15:17:53.806787, e   t    ,tcp,116.62.223.211,54170,   ->,137.184.18.211,ms-wbt-server,8,505,RST
15:17:59.738633, e s      ,tcp,91.198.115.205,41281,   ->,137.184.18.211,18080,47,3825,FIN
15:18:00.793863, e        ,tcp,92.63.197.169,47138,   ->,137.184.18.211,18370,3,166,RST
15:18:04.980599, e        ,tcp,185.156.73.160,47167,   ->,137.184.18.211,15724,3,166,RST
15:18:05.645977, e        ,tcp,91.198.115.7,17112,   ->,137.184.18.211,18080,24,1989,FIN
15:18:11.110303, e        ,tcp,54.149.99.181,54661,   ->,137.184.18.211,ms-wbt-server,7,468,RST
15:18:13.162675, e        ,tcp,40.115.49.158,54789,   ->,137.184.18.211,ms-wbt-server,7,468,RST
15:18:20.718057, e        ,tcp,91.198.115.8,36049,   ->,137.184.18.211,18080,21,1791,FIN
15:18:21.977003, e        ,tcp,89.248.165.118,42000,   ->,137.184.18.211,1945,3,166,RST
15:18:35.497997, e        ,tcp,40.115.49.158,58920,   ->,137.184.18.211,ms-wbt-server,7,468,RST
15:18:35.817831, e s      ,tcp,91.198.115.9,22181,   ->,137.184.18.211,18080,14,1255,FIN
15:18:35.983143, e        ,tcp,54.149.99.181,61085,   ->,137.184.18.211,ms-wbt-server,7,468,RST
15:18:36.747632, M        ,tcp,137.184.18.211,56936,   ->,169.254.169.254,http,10,2113,FIN
15:18:38.307520, e        ,tcp,165.173.13.190,45384,   ->,137.184.18.211,18080,7,754,FIN
15:18:51.529132, e        ,tcp,79.124.62.86,46824,   ->,137.184.18.211,14290,3,166,RST
15:18:54.342161, e        ,tcp,162.142.125.92,3944,   ->,137.184.18.211,18054,2,112,RST
15:18:56.487609, e        ,tcp,91.191.209.210,51035,   ->,137.184.18.211,919,3,166,RST
15:18:57.814308, e        ,tcp,40.115.49.158,63464,   ->,137.184.18.211,ms-wbt-server,7,468,RST
15:18:57.873884, e        ,tcp,91.198.115.10,10798,   ->,137.184.18.211,18080,21,1791,FIN
15:18:59.852873, e        ,tcp,194.26.29.86,53388,   ->,137.184.18.211,4090,3,166,RST
15:19:00.098532, e        ,tcp,91.198.115.205,61415,   ->,137.184.18.211,18080,57,4597,FIN
15:19:00.646980, e        ,tcp,54.149.99.181,51131,   ->,137.184.18.211,ms-wbt-server,7,468,RST
15:19:13.101428, e        ,tcp,91.198.115.11,38192,   ->,137.184.18.211,18080,21,1791,FIN
15:19:20.607681, e        ,tcp,40.115.49.158,51471,   ->,137.184.18.211,ms-wbt-server,7,468,RST
15:19:21.449877, e        ,tcp,92.255.85.70,56050,   ->,137.184.18.211,ssh,2,128,RST
15:19:25.010839, e        ,tcp,54.149.99.181,57562,   ->,137.184.18.211,ms-wbt-server,7,468,RST
15:19:27.839771, e        ,tcp,158.174.73.234,34242,   ->,137.184.18.211,18080,7,772,FIN
15:19:28.385124, e s      ,tcp,91.198.115.12,23148,   ->,137.184.18.211,18080,27,2247,FIN
15:19:46.552243, e        ,tcp,40.115.49.158,56612,   ->,137.184.18.211,ms-wbt-server,7,468,RST
15:19:51.637778, e        ,tcp,54.149.99.181,63986,   ->,137.184.18.211,ms-wbt-server,7,468,RST
15:19:53.398494, e s      ,tcp,91.198.115.13,36868,   ->,137.184.18.211,18080,27,2328,FIN
15:20:00.428033, e s      ,tcp,91.198.115.205,19930,   ->,137.184.18.211,18080,74,6049,FIN
15:20:01.459690, e * t    ,tcp,116.62.223.211,58144,   ->,137.184.18.211,ms-wbt-server,11,726,CON
15:20:08.503323, e s      ,tcp,91.198.115.14,21203,   ->,137.184.18.211,18080,27,2247,FIN
15:20:08.556601, e        ,tcp,40.115.49.158,60963,   ->,137.184.18.211,ms-wbt-server,7,468,RST
15:20:10.109995, e        ,tcp,36.137.214.163,51003,   ->,137.184.18.211,2375,3,166,RST
15:20:16.678353, e        ,tcp,54.149.99.181,54040,   ->,137.184.18.211,ms-wbt-server,7,468,RST
15:20:23.673277, e s      ,tcp,91.198.115.15,55098,   ->,137.184.18.211,18080,27,2328,FIN
15:20:24.837762, e        ,tcp,162.243.73.244,38063,   ->,137.184.18.211,ssh,2,128,RST
15:20:31.159814, e        ,tcp,40.115.49.158,50062,   ->,137.184.18.211,ms-wbt-server,7,468,RST
15:20:36.760876, M        ,tcp,137.184.18.211,41712,   ->,169.254.169.254,http,10,2100,FIN
15:20:38.837393, e        ,tcp,91.198.115.16,62457,   ->,137.184.18.211,18080,21,1791,FIN
15:20:41.567889, e        ,tcp,54.149.99.181,60471,   ->,137.184.18.211,ms-wbt-server,7,468,RST
15:20:51.150547, e        ,tcp,45.143.203.15,44449,   ->,137.184.18.211,4227,3,166,RST
15:20:52.466495, e        ,tcp,79.124.62.78,46825,   ->,137.184.18.211,59042,3,166,RST
15:20:53.661109, e        ,tcp,40.115.49.158,54844,   ->,137.184.18.211,ms-wbt-server,7,468,RST
15:20:54.265288, e        ,tcp,91.198.115.17,33733,   ->,137.184.18.211,18080,21,1791,FIN
15:21:00.863636, e s      ,tcp,91.198.115.205,51045,   ->,137.184.18.211,18080,63,5053,FIN
15:21:01.326964, e        ,tcp,177.184.133.130,48267,   ->,137.184.18.211,58992,2,110,RST
15:21:01.950219, eU       ,udp,130.225.39.237,57466,   ->,137.184.18.211,64442,1,56,INT
15:21:01.950277, e        ,icmp,137.184.18.211,0x0303,   ->,130.225.39.237,0xbafb,1,70,URP
15:21:06.701725, e        ,tcp,54.149.99.181,50518,   ->,137.184.18.211,ms-wbt-server,7,468,RST
15:21:06.857440, eU       ,udp,130.225.39.237,57466,   ->,137.184.18.211,44133,1,56,INT
15:21:06.857494, e        ,icmp,137.184.18.211,0x0303,   ->,130.225.39.237,0x65ac,1,70,URP
15:21:09.348415, e        ,tcp,91.198.115.18,58637,   ->,137.184.18.211,18080,22,1857,FIN
15:21:15.533231, e        ,tcp,40.115.49.158,59126,   ->,137.184.18.211,ms-wbt-server,7,468,RST
15:21:19.102337, e        ,tcp,92.63.197.161,47047,   ->,137.184.18.211,64804,3,166,RST
15:21:21.994189, e        ,tcp,2.57.122.225,42854,   ->,137.184.18.211,45413,2,110,RST
15:21:33.465027, e        ,tcp,54.149.99.181,56925,   ->,137.184.18.211,ms-wbt-server,7,468,RST
15:21:33.969314, e        ,icmp,52.83.59.125,0x0008,  <->,137.184.18.211,0x0400,8,424,ECO
15:21:34.462998, e        ,tcp,91.198.115.19,40942,   ->,137.184.18.211,18080,21,1791,FIN
15:21:37.873637, e        ,tcp,79.124.62.82,46823,   ->,137.184.18.211,21206,3,166,RST
15:21:40.398253, e        ,tcp,92.63.197.171,43737,   ->,137.184.18.211,17710,3,166,RST
15:21:40.754772, e        ,tcp,40.115.49.158,63747,   ->,137.184.18.211,ms-wbt-server,7,468,RST
15:21:41.616043, e        ,icmp,161.189.81.123,0x0008,  <->,137.184.18.211,0x0600,2,106,ECO
15:21:49.588308, e s      ,tcp,91.198.115.20,14506,   ->,137.184.18.211,18080,27,2328,FIN
15:21:50.956371, e        ,tcp,185.156.73.131,57425,   ->,137.184.18.211,3703,3,166,RST
15:21:53.245960, e        ,tcp,2.57.122.98,48398,   ->,137.184.18.211,http,2,110,RST
15:21:53.877499, e        ,tcp,34.122.55.67,47960,   ->,137.184.18.211,18080,7,754,FIN
15:21:58.250711, e        ,tcp,54.149.99.181,63374,   ->,137.184.18.211,ms-wbt-server,7,468,RST
15:22:00.137418, e        ,icmp,143.244.58.247,0x0008,  <->,137.184.18.211,0x9b98,2,116,ECO
15:22:01.207821, eU       ,udp,162.142.125.130,45793,   ->,137.184.18.211,openvpn,1,56,INT
15:22:01.207880, e        ,icmp,137.184.18.211,0x0303,   ->,162.142.125.130,0xaa04,1,84,URP
15:22:01.338181, e s      ,tcp,91.198.115.205,45428,   ->,137.184.18.211,18080,79,6272,FIN
15:22:03.412897, e        ,tcp,40.115.49.158,51923,   ->,137.184.18.211,ms-wbt-server,7,468,RST
15:22:04.812362, e        ,tcp,91.198.115.21,27406,   ->,137.184.18.211,18080,24,1989,FIN
15:22:08.541549, e   t    ,tcp,116.62.223.211,62164,   ->,137.184.18.211,ms-wbt-server,8,505,RST
15:22:09.314761, e s      ,tcp,209.222.252.3,4120,   ->,137.184.18.211,18080,63,5053,FIN
15:22:16.590928, e        ,tcp,167.94.145.24,43139,   ->,137.184.18.211,bacula-dir,2,112,RST
15:22:20.028637, e s      ,tcp,91.198.115.22,38446,   ->,137.184.18.211,18080,27,2328,FIN
15:22:23.170430, e        ,tcp,36.137.214.163,51292,   ->,137.184.18.211,2376,3,166,RST
15:22:23.335909, e        ,tcp,54.149.99.181,53427,   ->,137.184.18.211,ms-wbt-server,7,468,RST
15:22:25.709195, e        ,tcp,40.115.49.158,56426,   ->,137.184.18.211,ms-wbt-server,7,468,RST
15:22:35.429188, e        ,tcp,91.198.115.23,31430,   ->,137.184.18.211,18080,21,1791,FIN
15:22:36.819725, M        ,tcp,137.184.18.211,51370,   ->,169.254.169.254,http,10,2117,FIN
15:22:37.955848, e        ,tcp,167.248.133.148,27323,   ->,137.184.18.211,5090,2,112,RST
15:22:38.071163, e        ,tcp,104.156.155.21,62582,   ->,137.184.18.211,https,2,112,RST
15:22:44.009966, e        ,icmp,52.82.47.106,0x0008,  <->,137.184.18.211,0x0600,4,212,ECO
15:22:47.669639, e        ,tcp,40.115.49.158,60367,   ->,137.184.18.211,ms-wbt-server,7,468,RST
15:22:49.479469, e        ,tcp,54.149.99.181,59854,   ->,137.184.18.211,ms-wbt-server,7,468,RST
15:22:50.487597, e        ,tcp,91.198.115.24,45508,   ->,137.184.18.211,18080,21,1791,FIN
15:22:52.020388, e        ,tcp,128.199.23.172,61953,   ->,137.184.18.211,38751,2,110,RST
15:23:01.481540, e s      ,tcp,91.198.115.205,61135,   ->,137.184.18.211,18080,73,5897,FIN
15:23:09.586187, e s      ,tcp,209.222.252.3,50521,   ->,137.184.18.211,18080,91,7346,FIN
15:23:09.831310, e        ,tcp,40.115.49.158,64809,   ->,137.184.18.211,ms-wbt-server,7,468,RST
15:23:09.869833, eU       ,udp,185.196.220.70,44570,   ->,137.184.18.211,domain,1,73,INT
15:23:09.869889, e        ,icmp,137.184.18.211,0x0303,   ->,185.196.220.70,0x3500,1,101,URP
15:23:11.572988, e        ,tcp,91.240.118.151,52262,   ->,137.184.18.211,3409,3,166,RST
15:23:12.237790, e        ,tcp,122.117.231.186,26301,   ->,137.184.18.211,telnet,2,110,RST
15:23:12.269755, e        ,tcp,128.199.198.35,61953,   ->,137.184.18.211,5762,2,110,RST
15:23:14.469199, e        ,tcp,54.149.99.181,49903,   ->,137.184.18.211,ms-wbt-server,7,468,RST
15:23:15.500316, e        ,tcp,91.198.115.25,52041,   ->,137.184.18.211,18080,21,1791,FIN
15:23:28.407734, e        ,icmp,52.82.32.126,0x0008,  <->,137.184.18.211,0x0400,6,318,ECO
15:23:30.513793, e s      ,tcp,91.198.115.26,8481,   ->,137.184.18.211,18080,27,2247,FIN
15:23:31.895877, e        ,tcp,64.44.141.235,52800,   ->,137.184.18.211,ms-wbt-server,4,226,RST
15:23:32.558515, e        ,tcp,40.115.49.158,53087,   ->,137.184.18.211,ms-wbt-server,7,468,RST
15:23:38.848515, e        ,tcp,54.149.99.181,56334,   ->,137.184.18.211,ms-wbt-server,7,468,RST
15:23:45.638686, e        ,tcp,91.198.115.27,16113,   ->,137.184.18.211,18080,21,1791,FIN
15:23:46.973763, e        ,tcp,141.98.80.128,46338,   ->,137.184.18.211,1938,2,110,RST
15:23:49.149821, e        ,icmp,52.83.59.125,0x0008,  <->,137.184.18.211,0x0600,8,424,ECO
15:23:53.161789, e        ,tcp,185.156.73.155,47205,   ->,137.184.18.211,45747,3,166,RST
15:23:53.919585, e        ,tcp,79.124.62.130,46826,   ->,137.184.18.211,22167,3,166,RST
15:23:57.415582, e        ,tcp,40.115.49.158,57689,   ->,137.184.18.211,ms-wbt-server,7,468,RST
15:23:59.679646, e        ,tcp,193.163.125.42,42468,   ->,137.184.18.211,17406,2,112,RST
15:24:00.452307, e        ,tcp,92.63.197.133,52039,   ->,137.184.18.211,31703,3,166,RST
15:24:00.702878, e        ,tcp,91.198.115.28,2591,   ->,137.184.18.211,18080,21,1791,FIN
15:24:06.339888, e        ,tcp,54.149.99.181,62758,   ->,137.184.18.211,ms-wbt-server,7,468,RST
15:24:09.954172, e s      ,tcp,209.222.252.3,38831,   ->,137.184.18.211,18080,88,7024,FIN
15:24:15.847262, e        ,tcp,79.70.87.254,46406,   ->,137.184.18.211,5555,2,128,RST
15:24:16.003454, e        ,tcp,91.198.115.29,19400,   ->,137.184.18.211,18080,21,1791,FIN
15:24:19.708350, e        ,tcp,40.115.49.158,62380,   ->,137.184.18.211,ms-wbt-server,7,468,RST
15:24:21.388080, e        ,tcp,87.110.98.127,41603,   ->,137.184.18.211,5555,2,128,RST
15:24:29.671281, e        ,tcp,45.143.203.95,48584,   ->,137.184.18.211,60213,3,166,RST
15:24:31.015729, e        ,tcp,91.198.115.30,5095,   ->,137.184.18.211,18080,22,1857,FIN
15:24:32.019044, e        ,tcp,54.149.99.181,52814,   ->,137.184.18.211,ms-wbt-server,7,468,RST
15:24:35.119687, e        ,tcp,92.63.197.133,52039,   ->,137.184.18.211,31638,3,166,RST
15:24:36.828783, M        ,tcp,137.184.18.211,42002,   ->,169.254.169.254,http,10,2103,FIN
15:24:41.689334, e        ,tcp,40.115.49.158,50176,   ->,137.184.18.211,ms-wbt-server,7,468,RST
15:24:47.273301, e        ,tcp,192.241.219.197,33228,   ->,137.184.18.211,1527,2,110,RST
15:24:48.928044, e        ,tcp,188.166.161.209,61953,   ->,137.184.18.211,9010,2,110,RST
15:24:50.441871, e        ,icmp,52.83.32.160,0x0008,  <->,137.184.18.211,0x0600,2,106,ECO
15:24:56.136378, e        ,tcp,91.198.115.31,43339,   ->,137.184.18.211,18080,21,1791,FIN
15:24:56.199868, e        ,tcp,54.149.99.181,59239,   ->,137.184.18.211,ms-wbt-server,7,468,RST
15:25:03.755368, e        ,tcp,40.115.49.158,54727,   ->,137.184.18.211,ms-wbt-server,7,468,RST
15:25:10.083017, e s      ,tcp,209.222.252.3,17076,   ->,137.184.18.211,18080,63,5134,FIN
15:25:11.572713, e        ,tcp,91.198.115.32,19699,   ->,137.184.18.211,18080,22,1857,FIN
15:25:21.476603, e        ,tcp,92.63.197.83,45030,   ->,137.184.18.211,33647,3,166,RST
15:25:22.622147, e        ,tcp,54.149.99.181,49288,   ->,137.184.18.211,ms-wbt-server,7,468,RST
15:25:25.776684, e        ,tcp,167.94.146.75,60140,   ->,137.184.18.211,ms-sql-s,2,112,RST
15:25:26.649702, e        ,tcp,91.198.115.33,59617,   ->,137.184.18.211,18080,21,1791,FIN
15:25:26.964092, e        ,tcp,40.115.49.158,59231,   ->,137.184.18.211,ms-wbt-server,7,468,RST
15:25:28.303696, e        ,icmp,52.82.29.205,0x0008,  <->,137.184.18.211,0x0400,4,212,ECO
15:25:41.858649, e        ,tcp,91.198.115.34,8023,   ->,137.184.18.211,18080,21,1791,FIN
15:25:48.646872, e        ,tcp,54.149.99.181,55719,   ->,137.184.18.211,ms-wbt-server,7,468,RST
15:25:51.342259, e        ,tcp,45.143.203.15,44449,   ->,137.184.18.211,4142,3,166,RST
15:25:52.018403, e        ,tcp,40.115.49.158,64335,   ->,137.184.18.211,ms-wbt-server,7,468,RST
15:25:57.109152, e        ,tcp,91.198.115.35,62789,   ->,137.184.18.211,18080,21,1791,FIN
15:26:03.816996, e   t    ,tcp,116.62.223.211,54002,   ->,137.184.18.211,ms-wbt-server,8,505,RST
15:26:10.199064, e s      ,tcp,209.222.252.3,11927,   ->,137.184.18.211,18080,73,5978,FIN
15:26:12.279258, e        ,tcp,91.198.115.36,26697,   ->,137.184.18.211,18080,21,1791,FIN
15:26:13.367589, e        ,tcp,54.149.99.181,62144,   ->,137.184.18.211,ms-wbt-server,7,468,RST
15:26:13.747392, e        ,tcp,40.115.49.158,52463,   ->,137.184.18.211,ms-wbt-server,7,468,RST
15:26:16.119477, e        ,tcp,45.93.16.71,47908,   ->,137.184.18.211,50802,3,166,RST
15:26:17.165007, e        ,tcp,91.143.220.230,50417,   ->,137.184.18.211,18080,7,758,FIN
15:26:19.762977, e        ,tcp,101.68.211.3,omniorb,   ->,137.184.18.211,daap,2,112,RST
15:26:21.789101, e        ,udp,137.184.18.211,54940,  <->,185.125.190.58,ntp,2,180,CON
15:26:27.085370, e        ,tcp,92.63.197.156,47060,   ->,137.184.18.211,30469,3,166,RST
15:26:34.091387, e        ,icmp,52.83.98.132,0x0008,  <->,137.184.18.211,0x0400,2,106,ECO
15:26:34.682124, e        ,tcp,79.124.62.130,46826,   ->,137.184.18.211,14424,3,166,RST
15:26:35.254961, e        ,tcp,40.115.49.158,57251,   ->,137.184.18.211,ms-wbt-server,7,468,RST
15:26:36.850681, M        ,tcp,137.184.18.211,59284,   ->,169.254.169.254,http,11,2149,FIN
15:26:37.449982, e s      ,tcp,91.198.115.37,22529,   ->,137.184.18.211,18080,27,2247,FIN
15:26:41.213265, e        ,tcp,54.149.99.181,52201,   ->,137.184.18.211,ms-wbt-server,7,468,RST
15:26:43.402689, e        ,tcp,94.227.54.153,54908,   ->,137.184.18.211,18080,7,784,FIN
15:26:44.315152, e        ,tcp,68.183.52.2,48412,   ->,137.184.18.211,ssh,2,128,RST
15:26:47.961342, e        ,tcp,71.6.232.5,33140,   ->,137.184.18.211,http,2,112,RST
15:26:52.486091, e s      ,tcp,91.198.115.38,15215,   ->,137.184.18.211,18080,28,3045,FIN
15:26:57.367718, e        ,tcp,40.115.49.158,61951,   ->,137.184.18.211,ms-wbt-server,7,468,RST
15:27:06.352056, e        ,tcp,54.149.99.181,58622,   ->,137.184.18.211,ms-wbt-server,7,468,RST
15:27:06.662835, e        ,tcp,45.227.253.99,58210,   ->,137.184.18.211,1686,3,166,RST
15:27:07.718802, e        ,tcp,91.198.115.39,41480,   ->,137.184.18.211,18080,21,1791,FIN
15:27:10.688772, e s      ,tcp,209.222.252.3,38139,   ->,137.184.18.211,18080,75,6907,FIN
15:27:21.667011, e        ,tcp,40.115.49.158,50551,   ->,137.184.18.211,ms-wbt-server,7,468,RST
15:27:22.511277, e        ,tcp,176.111.174.111,42200,   ->,137.184.18.211,5393,3,166,RST
15:27:23.120727, e        ,tcp,91.198.115.40,25129,   ->,137.184.18.211,18080,24,1989,FIN
15:27:23.593389, e        ,tcp,92.204.136.57,47900,   ->,137.184.18.211,sip-tls,3,166,RST
15:27:28.534632, e        ,icmp,52.83.50.133,0x0008,  <->,137.184.18.211,0x0400,2,106,ECO
15:27:31.051627, e        ,tcp,54.149.99.181,65049,   ->,137.184.18.211,ms-wbt-server,7,468,RST
15:27:36.651445, e        ,tcp,89.190.156.133,58246,   ->,137.184.18.211,53261,3,166,RST
15:27:38.133312, e s      ,tcp,91.198.115.41,55964,   ->,137.184.18.211,18080,27,2247,FIN
15:27:39.484054, e        ,tcp,104.248.45.85,43654,   ->,137.184.18.211,18080,9,945,FIN
15:27:39.513164, e        ,icmp,52.82.70.97,0x0008,  <->,137.184.18.211,0x0600,2,106,ECO
15:27:43.350238, e        ,tcp,40.115.49.158,55496,   ->,137.184.18.211,ms-wbt-server,7,468,RST
15:27:53.511488, e        ,tcp,91.198.115.42,33886,   ->,137.184.18.211,18080,21,1791,FIN
15:27:56.717011, e        ,tcp,54.149.99.181,55104,   ->,137.184.18.211,ms-wbt-server,7,468,RST
15:28:04.584753, e        ,tcp,40.115.49.158,59946,   ->,137.184.18.211,ms-wbt-server,7,468,RST
15:28:10.723820, e s      ,tcp,209.222.252.3,33992,   ->,137.184.18.211,18080,83,6779,FIN
15:28:18.570528, e        ,ipv6-icmp,fe80::4ee:32ff:fed6:451a,0x0085,   ->,ff02::2,0x0000,1,70,NRS
15:28:18.790096, e s      ,tcp,91.198.115.43,63185,   ->,137.184.18.211,18080,27,2328,FIN
15:28:21.423543, e        ,tcp,89.248.163.239,48106,   ->,137.184.18.211,5452,3,166,RST
15:28:21.917845, e        ,tcp,185.156.73.160,47167,   ->,137.184.18.211,40387,3,166,RST
15:28:21.946724, e        ,tcp,54.149.99.181,61526,   ->,137.184.18.211,ms-wbt-server,7,468,RST
15:28:28.188202, e        ,icmp,52.82.60.246,0x0008,  <->,137.184.18.211,0x0400,2,106,ECO
15:28:28.686836, e        ,tcp,40.115.49.158,64600,   ->,137.184.18.211,ms-wbt-server,7,468,RST
15:28:28.804762, e        ,tcp,185.167.97.229,38763,   ->,137.184.18.211,1025,2,110,RST
15:28:34.132329, e        ,tcp,91.198.115.44,40030,   ->,137.184.18.211,18080,21,1791,FIN
15:28:36.109203, e        ,tcp,79.124.62.82,46823,   ->,137.184.18.211,57450,3,166,RST
15:28:36.871878, M        ,tcp,137.184.18.211,60406,   ->,169.254.169.254,http,10,2118,FIN
15:28:37.831893, e        ,tcp,176.111.174.83,41934,   ->,137.184.18.211,3965,3,166,RST
15:28:46.385919, e        ,tcp,54.149.99.181,51577,   ->,137.184.18.211,ms-wbt-server,7,468,RST
15:28:49.187483, e        ,tcp,92.63.197.133,52039,   ->,137.184.18.211,31735,3,166,RST
15:28:49.412196, e s      ,tcp,91.198.115.45,24067,   ->,137.184.18.211,18080,39,3321,FIN
15:28:49.728128, e        ,tcp,40.115.49.158,53295,   ->,137.184.18.211,ms-wbt-server,7,468,RST
15:28:54.651497, e        ,tcp,92.63.197.131,58801,   ->,137.184.18.211,31154,3,166,RST
15:29:01.913922, e        ,tcp,91.191.209.214,51108,   ->,137.184.18.211,28278,3,166,RST
15:29:04.425223, e s      ,tcp,91.198.115.46,16883,   ->,137.184.18.211,18080,27,2247,FIN
15:29:10.749648, e        ,tcp,40.115.49.158,57544,   ->,137.184.18.211,ms-wbt-server,7,468,RST
15:29:11.263834, e        ,tcp,209.222.252.3,42585,   ->,137.184.18.211,18080,60,4838,FIN
15:29:11.412471, eU       ,udp,190.136.50.44,8000,   ->,137.184.18.211,8083,1,82,INT
15:29:11.412522, e        ,icmp,137.184.18.211,0x0303,   ->,190.136.50.44,0x931f,1,110,URP
15:29:13.416841, e        ,tcp,54.149.99.181,58005,   ->,137.184.18.211,ms-wbt-server,7,468,RST
15:29:19.751057, e s      ,tcp,91.198.115.47,51359,   ->,137.184.18.211,18080,27,2247,FIN
15:29:26.003955, e        ,tcp,200.148.153.172,57474,   ->,137.184.18.211,ssh,2,128,RST
15:29:33.955658, e        ,tcp,40.115.49.158,62676,   ->,137.184.18.211,ms-wbt-server,7,468,RST
15:29:34.763357, e s      ,tcp,91.198.115.48,44061,   ->,137.184.18.211,18080,34,3501,FIN
15:29:35.998422, e        ,tcp,176.111.174.84,41948,   ->,137.184.18.211,4059,3,166,RST
15:29:39.242949, e        ,tcp,54.149.99.181,64432,   ->,137.184.18.211,ms-wbt-server,7,468,RST
15:29:42.694919, e        ,tcp,20.219.31.72,41116,   ->,137.184.18.211,telnet,2,110,RST
15:29:44.693162, e        ,tcp,80.66.75.92,63185,   ->,137.184.18.211,8001,2,110,RST
15:29:57.360166, e        ,tcp,40.115.49.158,50988,   ->,137.184.18.211,ms-wbt-server,7,468,RST
15:29:59.136122, eU       ,udp,94.102.61.33,49224,   ->,137.184.18.211,2059,1,71,INT
15:29:59.136179, e        ,icmp,137.184.18.211,0x0303,   ->,94.102.61.33,0x0b08,1,99,URP
15:30:00.145918, e s      ,tcp,91.198.115.49,29886,   ->,137.184.18.211,18080,31,2592,FIN
15:30:02.424607, e        ,tcp,205.210.31.175,54768,   ->,137.184.18.211,5900,2,112,RST
15:30:05.327379, e        ,tcp,54.149.99.181,54485,   ->,137.184.18.211,ms-wbt-server,7,468,RST
15:30:05.622946, e s      ,tcp,122.187.74.106,52955,   ->,137.184.18.211,microsoft-ds,4,240,RST
15:30:11.589469, e        ,tcp,209.222.252.3,25427,   ->,137.184.18.211,18080,59,4772,FIN
15:30:11.711331, e        ,tcp,91.198.115.163,36015,   ->,137.184.18.211,18080,71,5765,FIN
15:30:14.562211, e        ,tcp,194.26.29.169,52883,   ->,137.184.18.211,zabbix-agent,3,166,RST
15:30:15.312895, e        ,tcp,91.198.115.50,24135,   ->,137.184.18.211,18080,21,1791,FIN
15:30:19.532109, e        ,tcp,40.115.49.158,55602,   ->,137.184.18.211,ms-wbt-server,7,468,RST
15:30:24.272080, e   t    ,tcp,116.62.223.211,61989,   ->,137.184.18.211,ms-wbt-server,9,580,RST
15:30:28.209476, e        ,icmp,52.83.32.160,0x0008,  <->,137.184.18.211,0x0400,2,106,ECO
15:30:29.449989, e        ,icmp,161.189.108.252,0x0008,  <->,137.184.18.211,0x0600,4,212,ECO
15:30:30.618539, e        ,tcp,54.149.99.181,60910,   ->,137.184.18.211,ms-wbt-server,7,468,RST
15:30:30.658685, e        ,tcp,91.198.115.51,38134,   ->,137.184.18.211,18080,21,1791,FIN
15:30:34.285394, e        ,tcp,5.8.18.8,50633,   ->,137.184.18.211,43572,3,166,RST
15:30:36.887638, M        ,tcp,137.184.18.211,44934,   ->,169.254.169.254,http,10,2088,FIN
15:30:36.911106, e        ,tcp,91.191.209.14,47966,   ->,137.184.18.211,5605,3,166,RST
15:30:37.697935, e        ,tcp,181.214.166.36,40936,   ->,137.184.18.211,18080,7,754,FIN
15:30:40.716620, e        ,tcp,69.54.29.193,50984,   ->,137.184.18.211,18080,7,754,FIN
15:30:40.834128, e        ,tcp,40.115.49.158,60023,   ->,137.184.18.211,ms-wbt-server,7,468,RST
15:30:46.019119, e        ,tcp,91.198.115.52,43958,   ->,137.184.18.211,18080,21,1791,FIN
15:30:47.343925, e        ,tcp,176.111.174.83,41934,   ->,137.184.18.211,3961,3,166,RST
15:30:49.099176, e        ,tcp,176.111.174.89,42025,   ->,137.184.18.211,4429,3,166,RST
15:30:54.771490, e        ,tcp,103.158.36.227,41394,   ->,137.184.18.211,ssh,2,128,RST
15:30:57.511624, e        ,tcp,5.188.206.38,51078,   ->,137.184.18.211,18993,3,166,RST
15:30:57.986530, e        ,tcp,54.149.99.181,50958,   ->,137.184.18.211,ms-wbt-server,7,468,RST
15:30:58.205548, e        ,tcp,104.131.12.184,54886,   ->,137.184.18.211,ssh,2,128,RST
15:31:01.421637, e s      ,tcp,91.198.115.53,58535,   ->,137.184.18.211,18080,33,2865,FIN
15:31:02.236190, e        ,tcp,111.7.96.134,46244,   ->,137.184.18.211,8251,2,120,RST
15:31:04.227653, e        ,tcp,185.167.96.146,34553,   ->,137.184.18.211,ms-wbt-server,3,170,RST
15:31:05.255951, e        ,tcp,40.115.49.158,65396,   ->,137.184.18.211,ms-wbt-server,7,468,RST
15:31:05.311919, e        ,tcp,185.156.73.54,45248,   ->,137.184.18.211,15956,3,166,RST
15:31:11.678432, e s      ,tcp,209.222.252.3,36050,   ->,137.184.18.211,18080,75,6046,FIN
15:31:11.938086, e        ,tcp,91.198.115.163,4404,   ->,137.184.18.211,18080,59,4772,FIN
15:31:13.856531, eU       ,udp,184.105.247.211,2755,   ->,137.184.18.211,9600,1,56,INT
15:31:13.856588, e        ,icmp,137.184.18.211,0x0303,   ->,184.105.247.211,0x8025,1,83,URP
15:31:16.573393, e s      ,tcp,91.198.115.54,43349,   ->,137.184.18.211,18080,27,2328,FIN
15:31:18.925680, eU       ,udp,192.87.173.56,48499,   ->,137.184.18.211,domain,1,114,INT
15:31:18.925734, e        ,icmp,137.184.18.211,0x0303,   ->,192.87.173.56,0x3500,1,142,URP
15:31:23.480979, e        ,tcp,45.143.200.102,43154,   ->,137.184.18.211,3172,3,166,RST
15:31:24.040095, e        ,tcp,54.149.99.181,57390,   ->,137.184.18.211,ms-wbt-server,7,468,RST
15:31:27.027523, e        ,tcp,40.115.49.158,54076,   ->,137.184.18.211,ms-wbt-server,7,468,RST
15:31:32.097330, e        ,tcp,192.241.203.208,55696,   ->,137.184.18.211,4848,2,110,RST
15:31:36.345922, e        ,icmp,161.189.81.123,0x0008,  <->,137.184.18.211,0x0400,2,106,ECO
15:31:38.421720, e        ,tcp,185.156.73.131,57425,   ->,137.184.18.211,3362,3,166,RST
15:31:41.595154, e        ,tcp,91.198.115.55,32448,   ->,137.184.18.211,18080,21,1791,FIN
15:31:48.637155, e        ,tcp,185.156.73.131,57425,   ->,137.184.18.211,3359,3,166,RST
15:31:48.644361, e        ,tcp,40.115.49.158,58476,   ->,137.184.18.211,ms-wbt-server,7,468,RST
15:31:48.654629, e        ,tcp,162.218.65.219,40519,   ->,137.184.18.211,18080,5,346,FIN
15:31:48.665825, e        ,tcp,162.218.65.219,40373,   ->,137.184.18.211,18081,2,128,RST
15:31:48.919537, e        ,tcp,91.240.118.151,52262,   ->,137.184.18.211,3407,3,166,RST
15:31:51.515517, e        ,tcp,54.149.99.181,63811,   ->,137.184.18.211,ms-wbt-server,7,468,RST
15:31:54.401376, e        ,icmp,52.82.29.205,0x0008,  <->,137.184.18.211,0x0600,4,212,ECO
15:31:56.698797, e s      ,tcp,91.198.115.56,64608,   ->,137.184.18.211,18080,27,2247,FIN
15:32:09.656267, e        ,ipv6-icmp,fe80::fcee:32ff:fed6:451a,0x0085,   ->,ff02::2,0x0000,1,70,NRS
15:32:09.739258, e        ,tcp,89.248.163.140,59714,   ->,137.184.18.211,9833,3,166,RST
15:32:10.885219, e        ,tcp,40.115.49.158,63512,   ->,137.184.18.211,ms-wbt-server,7,468,RST
15:32:11.899580, e s      ,tcp,91.198.115.57,64428,   ->,137.184.18.211,18080,28,2313,FIN
15:32:11.952118, e s      ,tcp,91.198.115.163,60026,   ->,137.184.18.211,18080,71,5765,FIN
15:32:16.972981, e        ,tcp,54.149.99.181,53867,   ->,137.184.18.211,ms-wbt-server,7,468,RST
15:32:18.594839, e        ,tcp,223.71.167.164,7668,   ->,137.184.18.211,8041,2,112,RST
15:32:24.145006, e        ,tcp,178.80.252.113,49284,   ->,137.184.18.211,18080,7,754,FIN
15:32:25.829580, e s t    ,tcp,116.62.223.211,49567,   ->,137.184.18.211,ms-wbt-server,10,656,RST
15:32:26.970868, e s      ,tcp,91.198.115.58,4323,   ->,137.184.18.211,18080,33,2703,FIN
15:32:27.868175, e        ,icmp,52.82.18.26,0x0008,  <->,137.184.18.211,0x0400,2,106,ECO
15:32:35.225954, e        ,tcp,40.115.49.158,51748,   ->,137.184.18.211,ms-wbt-server,7,468,RST
15:32:36.896995, M        ,tcp,137.184.18.211,39094,   ->,169.254.169.254,http,10,2105,FIN
15:32:41.502192, e        ,tcp,54.149.99.181,60295,   ->,137.184.18.211,ms-wbt-server,7,468,RST
15:32:42.460179, e        ,tcp,91.198.115.59,29595,   ->,137.184.18.211,18080,26,2157,FIN
15:32:47.954902, e        ,tcp,128.199.96.122,61953,   ->,137.184.18.211,7999,2,110,RST
15:32:48.783599, e        ,icmp,52.82.18.26,0x0008,  <->,137.184.18.211,0x0600,2,106,ECO
15:32:52.710441, e        ,tcp,43.131.91.178,36024,   ->,137.184.18.211,12534,2,120,RST
15:32:57.235259, e        ,tcp,40.115.49.158,56445,   ->,137.184.18.211,ms-wbt-server,7,468,RST
15:32:57.738492, e        ,tcp,91.198.115.60,53288,   ->,137.184.18.211,18080,22,1857,FIN
15:33:08.460508, e        ,tcp,54.149.99.181,50338,   ->,137.184.18.211,ms-wbt-server,7,468,RST
15:33:11.965676, e s      ,tcp,91.198.115.163,49689,   ->,137.184.18.211,18080,69,5590,FIN
15:33:18.651447, e        ,tcp,89.248.165.118,42000,   ->,137.184.18.211,8913,3,166,RST
15:33:19.167575, e        ,tcp,40.115.49.158,61612,   ->,137.184.18.211,ms-wbt-server,7,468,RST
15:33:22.753699, e        ,tcp,91.198.115.61,62374,   ->,137.184.18.211,18080,21,1791,FIN
15:33:24.893393, eU       ,udp,167.248.133.138,55098,   ->,137.184.18.211,5683,1,56,INT
15:33:24.893469, e        ,icmp,137.184.18.211,0x0303,   ->,167.248.133.138,0x3316,1,73,URP
15:33:34.340235, e        ,tcp,54.149.99.181,56772,   ->,137.184.18.211,ms-wbt-server,7,468,RST
15:33:38.175585, e s      ,tcp,91.198.115.62,3886,   ->,137.184.18.211,18080,31,2511,FIN
15:33:41.560061, e        ,tcp,40.115.49.158,49624,   ->,137.184.18.211,ms-wbt-server,7,468,RST
15:33:46.837271, e        ,tcp,79.124.62.82,46823,   ->,137.184.18.211,19130,3,166,RST
15:33:53.592137, e        ,tcp,91.198.115.63,40376,   ->,137.184.18.211,18080,21,1791,FIN
15:33:57.232130, e        ,tcp,167.248.133.131,5798,   ->,137.184.18.211,2052,2,112,RST
15:34:00.645955, e        ,tcp,162.55.245.173,45248,   ->,137.184.18.211,18080,7,773,FIN
15:34:01.041331, e        ,tcp,54.149.99.181,63199,   ->,137.184.18.211,ms-wbt-server,7,468,RST
15:34:03.189076, e        ,tcp,40.115.49.158,53733,   ->,137.184.18.211,ms-wbt-server,7,468,RST
15:34:03.767328, e        ,tcp,162.142.125.85,3622,   ->,137.184.18.211,12183,2,112,RST
15:34:08.767447, e        ,tcp,91.198.115.64,46632,   ->,137.184.18.211,18080,26,2157,FIN
15:34:11.332245, e        ,tcp,162.142.125.251,15791,   ->,137.184.18.211,52108,2,112,RST
15:34:12.472898, e s      ,tcp,91.198.115.163,44301,   ->,137.184.18.211,18080,81,7363,FIN
15:34:24.231547, e        ,tcp,91.198.115.65,58557,   ->,137.184.18.211,18080,21,1791,FIN
15:34:25.734641, e        ,tcp,54.149.99.181,53250,   ->,137.184.18.211,ms-wbt-server,7,468,RST
15:34:27.106123, e        ,tcp,40.115.49.158,58547,   ->,137.184.18.211,ms-wbt-server,7,468,RST
15:34:36.908959, M        ,tcp,137.184.18.211,54422,   ->,169.254.169.254,http,10,2123,FIN
15:34:37.519135, e        ,tcp,43.129.39.176,38777,   ->,137.184.18.211,8850,2,120,RST
15:34:39.603852, e s      ,tcp,91.198.115.66,57136,   ->,137.184.18.211,18080,33,2784,FIN
15:34:49.365635, e        ,tcp,40.115.49.158,63646,   ->,137.184.18.211,ms-wbt-server,7,468,RST
15:34:50.593289, e        ,tcp,54.149.99.181,59667,   ->,137.184.18.211,ms-wbt-server,7,468,RST
15:35:04.148082, e        ,tcp,107.182.129.253,43880,   ->,137.184.18.211,81,2,110,RST
15:35:04.752147, e *      ,tcp,91.198.115.67,22942,   ->,137.184.18.211,18080,30,2542,FIN
15:35:07.125055, e        ,tcp,78.128.113.158,50654,   ->,137.184.18.211,57243,3,166,RST
15:35:10.557684, e        ,tcp,40.115.49.158,51376,   ->,137.184.18.211,ms-wbt-server,7,468,RST
15:35:12.672738, e s      ,tcp,91.198.115.163,27491,   ->,137.184.18.211,18080,63,5914,FIN
15:35:14.386457, e        ,tcp,117.63.65.172,6279,   ->,137.184.18.211,2323,2,110,RST
15:35:14.998357, e        ,tcp,54.149.99.181,49723,   ->,137.184.18.211,ms-wbt-server,7,468,RST
15:35:15.323106, e        ,tcp,185.156.73.167,47219,   ->,137.184.18.211,30577,3,166,RST
15:35:19.826011, e s      ,tcp,91.198.115.68,53146,   ->,137.184.18.211,18080,24,2130,FIN
15:35:28.369900, e        ,icmp,52.83.40.111,0x0008,  <->,137.184.18.211,0x0400,4,212,ECO
15:35:34.654201, e        ,tcp,193.163.125.15,59784,   ->,137.184.18.211,6881,2,112,RST
15:35:34.976080, e        ,tcp,91.198.115.69,25568,   ->,137.184.18.211,18080,26,2157,FIN
15:35:35.140756, e        ,tcp,40.115.49.158,55928,   ->,137.184.18.211,ms-wbt-server,7,468,RST
15:35:41.467987, e        ,tcp,206.189.3.89,61953,   ->,137.184.18.211,7547,2,110,RST
15:35:42.320526, e        ,tcp,54.149.99.181,56155,   ->,137.184.18.211,ms-wbt-server,7,468,RST
15:35:50.378598, e *      ,tcp,91.198.115.70,5605,   ->,137.184.18.211,18080,27,2203,FIN
15:35:52.024591, e        ,tcp,209.126.5.227,43676,   ->,137.184.18.211,60670,3,166,RST
15:35:56.636466, e        ,tcp,40.115.49.158,60726,   ->,137.184.18.211,ms-wbt-server,7,468,RST
15:36:05.391247, e        ,tcp,91.198.115.71,58245,   ->,137.184.18.211,18080,21,1791,FIN
15:36:07.525354, e        ,tcp,54.149.99.181,62579,   ->,137.184.18.211,ms-wbt-server,7,468,RST
15:36:10.408302, e        ,icmp,52.82.60.246,0x0008,  <->,137.184.18.211,0x0600,2,106,ECO
15:36:12.825158, e s      ,tcp,91.198.115.163,19255,   ->,137.184.18.211,18080,71,5765,FIN
15:36:14.616771, e        ,tcp,185.156.73.131,57425,   ->,137.184.18.211,3706,3,166,RST
15:36:17.839821, e        ,tcp,40.115.49.158,64843,   ->,137.184.18.211,ms-wbt-server,7,468,RST
15:36:20.853941, e        ,tcp,91.198.115.72,6979,   ->,137.184.18.211,18080,21,1791,FIN
15:36:22.495102, e        ,tcp,89.190.156.169,58247,   ->,137.184.18.211,11478,3,166,RST
15:36:24.403716, e        ,tcp,91.191.209.178,51239,   ->,137.184.18.211,41960,3,166,RST
15:36:31.386166, e        ,arp,137.184.16.1,,  who,137.184.18.211,,2,102,CON
15:36:32.000266, e        ,tcp,54.149.99.181,52633,   ->,137.184.18.211,ms-wbt-server,7,468,RST
15:36:36.934128, M        ,tcp,137.184.18.211,56042,   ->,169.254.169.254,http,10,2104,FIN
15:36:39.755462, e        ,icmp,52.82.108.45,0x0008,  <->,137.184.18.211,0x0600,4,212,ECO
15:36:40.629988, e        ,tcp,167.94.138.144,30275,   ->,137.184.18.211,18099,2,112,RST
15:36:41.869582, e        ,tcp,40.115.49.158,54183,   ->,137.184.18.211,ms-wbt-server,7,468,RST
15:36:42.750535, e   t    ,tcp,116.62.223.211,57802,   ->,137.184.18.211,ms-wbt-server,8,505,RST
15:36:45.064038, e        ,tcp,2.57.122.225,52307,   ->,137.184.18.211,8000,2,110,RST
15:36:45.987812, e s      ,tcp,91.198.115.73,50326,   ->,137.184.18.211,18080,27,2979,FIN
15:36:48.811353, e        ,tcp,202.142.138.168,29681,   ->,137.184.18.211,18080,7,766,FIN
15:36:49.077656, e        ,tcp,167.94.138.145,9666,   ->,137.184.18.211,9510,2,112,RST
15:36:49.127361, e        ,icmp,52.82.47.106,0x0008,  <->,137.184.18.211,0x0400,4,212,ECO
15:36:52.989766, e        ,tcp,147.182.197.40,61953,   ->,137.184.18.211,6204,2,110,RST
15:36:58.443180, e        ,tcp,79.124.62.82,46823,   ->,137.184.18.211,14287,3,166,RST
15:36:58.703900, e        ,tcp,54.149.99.181,59058,   ->,137.184.18.211,ms-wbt-server,7,468,RST
15:37:01.456016, e        ,tcp,91.198.115.74,26262,   ->,137.184.18.211,18080,21,1791,FIN
15:37:04.688102, e        ,tcp,40.115.49.158,58822,   ->,137.184.18.211,ms-wbt-server,7,468,RST
15:37:09.281475, e        ,tcp,130.225.39.237,57466,   ->,137.184.18.211,41117,3,166,RST
15:37:12.074525, e        ,tcp,185.156.73.167,47219,   ->,137.184.18.211,49554,3,166,RST
15:37:13.246883, e s      ,tcp,91.198.115.163,21996,   ->,137.184.18.211,18080,74,6037,FIN
15:37:16.802858, e        ,tcp,91.198.115.75,3512,   ->,137.184.18.211,18080,21,1791,FIN
15:37:24.105578, e        ,tcp,54.149.99.181,65489,   ->,137.184.18.211,ms-wbt-server,7,468,RST
15:37:26.314957, e        ,tcp,40.115.49.158,63311,   ->,137.184.18.211,ms-wbt-server,7,468,RST
15:37:32.213176, e s      ,tcp,91.198.115.76,53066,   ->,137.184.18.211,18080,30,2526,FIN
15:37:47.003640, e        ,tcp,185.156.73.157,47193,   ->,137.184.18.211,55925,3,166,RST
15:37:47.260512, e        ,tcp,91.198.115.77,27466,   ->,137.184.18.211,18080,21,1791,FIN
15:37:47.993605, e        ,tcp,40.115.49.158,51836,   ->,137.184.18.211,ms-wbt-server,7,468,RST
15:37:49.123092, e        ,tcp,54.149.99.181,55536,   ->,137.184.18.211,ms-wbt-server,7,468,RST
15:37:52.525711, e        ,icmp,52.82.32.126,0x0008,  <->,137.184.18.211,0x0600,2,106,ECO
15:37:54.632237, e        ,tcp,185.56.80.49,50311,   ->,137.184.18.211,8089,2,110,RST
15:37:59.979265, e        ,tcp,176.111.174.87,41994,   ->,137.184.18.211,4362,3,166,RST
15:38:02.542427, e        ,tcp,91.198.115.78,28417,   ->,137.184.18.211,18080,21,1791,FIN
15:38:09.243631, e        ,tcp,59.49.203.17,62353,   ->,137.184.18.211,telnet,2,110,RST
15:38:12.703793, e        ,tcp,40.115.49.158,56421,   ->,137.184.18.211,ms-wbt-server,7,468,RST
15:38:13.313895, e s      ,tcp,91.198.115.163,41529,   ->,137.184.18.211,18080,81,6583,FIN
15:38:14.404385, e        ,tcp,162.218.65.133,15776,   ->,137.184.18.211,18080,57,4597,FIN
15:38:14.496324, e        ,tcp,54.149.99.181,61962,   ->,137.184.18.211,ms-wbt-server,7,468,RST
15:38:25.913051, e        ,tcp,79.124.62.82,46823,   ->,137.184.18.211,62874,3,166,RST
15:38:26.223640, e        ,tcp,45.148.10.59,93,   ->,137.184.18.211,https,1,103,REQ
15:38:27.801712, e        ,tcp,91.198.115.79,33717,   ->,137.184.18.211,18080,21,1791,FIN
15:38:34.548999, e        ,tcp,40.115.49.158,60911,   ->,137.184.18.211,ms-wbt-server,7,468,RST
15:38:36.956683, M        ,tcp,137.184.18.211,35354,   ->,169.254.169.254,http,10,2110,FIN
15:38:39.950177, e        ,tcp,54.149.99.181,52019,   ->,137.184.18.211,ms-wbt-server,7,468,RST
15:38:43.910444, e s      ,tcp,91.198.115.80,3604,   ->,137.184.18.211,18080,33,2703,FIN
15:38:44.052205, e        ,icmp,52.82.49.148,0x0008,  <->,137.184.18.211,0x0600,2,106,ECO
15:38:44.559451, e        ,tcp,212.102.40.218,52058,   ->,137.184.18.211,https,3,166,RST
15:38:47.962309, e        ,tcp,43.130.10.173,40006,   ->,137.184.18.211,8905,2,120,RST
15:38:56.035699, e        ,tcp,40.115.49.158,65519,   ->,137.184.18.211,ms-wbt-server,7,468,RST
15:38:59.379824, e        ,tcp,91.198.115.81,15621,   ->,137.184.18.211,18080,29,2355,FIN
15:39:04.966363, e        ,tcp,54.149.99.181,58439,   ->,137.184.18.211,ms-wbt-server,7,468,RST
15:39:11.128880, e        ,tcp,113.131.201.11,58402,   ->,137.184.18.211,9527,2,110,RST
15:39:13.596564, e s      ,tcp,91.198.115.163,32674,   ->,137.184.18.211,18080,75,6046,FIN
15:39:14.756970, e        ,tcp,162.218.65.133,41529,   ->,137.184.18.211,18080,57,4597,FIN
15:39:14.773253, e        ,tcp,91.198.115.82,64418,   ->,137.184.18.211,18080,21,1791,FIN
15:39:18.044334, e        ,tcp,40.115.49.158,54095,   ->,137.184.18.211,ms-wbt-server,7,468,RST
15:39:28.251073, e        ,tcp,185.156.73.169,47260,   ->,137.184.18.211,40109,3,166,RST
15:39:30.043561, e        ,tcp,54.149.99.181,64865,   ->,137.184.18.211,ms-wbt-server,7,468,RST
15:39:30.089791, e        ,tcp,91.198.115.83,8064,   ->,137.184.18.211,18080,21,1791,FIN
15:39:38.252621, e        ,tcp,79.124.62.86,46824,   ->,137.184.18.211,13348,3,166,RST
15:39:42.518467, e        ,tcp,40.115.49.158,58427,   ->,137.184.18.211,ms-wbt-server,7,468,RST
15:39:44.239176, e        ,icmp,52.83.50.133,0x0008,  <->,137.184.18.211,0x0600,2,106,ECO
15:39:45.075479, e        ,tcp,130.225.39.237,57466,   ->,137.184.18.211,907,2,110,RST
15:39:45.133882, e        ,tcp,91.198.115.84,1048,   ->,137.184.18.211,18080,21,1791,FIN
15:39:56.450451, e        ,tcp,92.63.197.70,41999,   ->,137.184.18.211,54709,3,166,RST
15:39:56.532395, e        ,tcp,54.149.99.181,54925,   ->,137.184.18.211,ms-wbt-server,7,468,RST
15:40:05.028265, e        ,tcp,40.115.49.158,63019,   ->,137.184.18.211,ms-wbt-server,7,468,RST
15:40:10.306720, e s      ,tcp,91.198.115.85,16313,   ->,137.184.18.211,18080,27,2328,FIN
15:40:10.854486, e        ,tcp,185.156.73.163,47233,   ->,137.184.18.211,52719,3,166,RST
15:40:14.778310, e        ,tcp,162.218.65.133,14098,   ->,137.184.18.211,18080,61,4904,FIN
15:40:21.458368, e        ,tcp,54.149.99.181,61344,   ->,137.184.18.211,ms-wbt-server,7,468,RST
15:40:22.380243, e        ,tcp,167.248.133.147,11345,   ->,137.184.18.211,7015,2,112,RST
15:40:25.337096, e s      ,tcp,91.198.115.86,62993,   ->,137.184.18.211,18080,27,2247,FIN
15:40:25.406705, e        ,tcp,167.94.138.152,15952,   ->,137.184.18.211,16060,2,112,RST
15:40:26.604591, e        ,tcp,40.115.49.158,50968,   ->,137.184.18.211,ms-wbt-server,7,468,RST
15:40:28.324734, e        ,icmp,161.189.108.252,0x0008,  <->,137.184.18.211,0x0400,2,106,ECO
15:40:29.139826, e        ,tcp,89.248.165.199,49541,   ->,137.184.18.211,tproxy,3,166,RST
15:40:35.780719, e        ,tcp,185.156.73.160,47167,   ->,137.184.18.211,38549,3,166,RST
15:40:36.266149, e        ,tcp,5.8.18.8,52025,   ->,137.184.18.211,51960,3,166,RST
15:40:36.971317, M        ,tcp,137.184.18.211,42570,   ->,169.254.169.254,http,10,2122,FIN
15:40:40.379102, e s      ,tcp,91.198.115.87,39385,   ->,137.184.18.211,18080,27,2328,FIN
15:40:46.147011, e        ,tcp,54.149.99.181,51396,   ->,137.184.18.211,ms-wbt-server,7,468,RST
15:40:46.834785, e        ,tcp,89.190.156.167,58246,   ->,137.184.18.211,37184,3,166,RST
15:40:48.970678, e        ,tcp,40.115.49.158,56063,   ->,137.184.18.211,ms-wbt-server,7,468,RST
15:40:55.248099, e        ,tcp,79.124.62.130,46826,   ->,137.184.18.211,53326,3,166,RST
15:40:55.551896, e s      ,tcp,91.198.115.88,28606,   ->,137.184.18.211,18080,27,2247,FIN
15:41:00.469876, e   t    ,tcp,116.62.223.211,49393,   ->,137.184.18.211,ms-wbt-server,8,505,RST
15:41:02.244106, e        ,tcp,185.156.73.131,57425,   ->,137.184.18.211,3204,3,166,RST
15:41:06.676016, e        ,tcp,162.142.125.234,23076,   ->,137.184.18.211,3555,2,112,RST
15:41:10.811490, e *      ,tcp,91.198.115.89,51827,   ->,137.184.18.211,18080,24,2017,FIN
15:41:11.575416, e        ,tcp,54.149.99.181,57823,   ->,137.184.18.211,ms-wbt-server,7,468,RST
15:41:13.492423, e        ,tcp,40.115.49.158,60421,   ->,137.184.18.211,ms-wbt-server,7,468,RST
15:41:15.257898, e        ,tcp,162.218.65.133,45839,   ->,137.184.18.211,18080,57,4597,FIN
15:41:19.222856, e        ,tcp,117.193.162.113,62295,   ->,137.184.18.211,10722,2,110,RST
15:41:25.984331, e        ,tcp,91.198.115.90,34577,   ->,137.184.18.211,18080,21,1791,FIN
15:41:35.079472, e        ,tcp,40.115.49.158,64808,   ->,137.184.18.211,ms-wbt-server,7,468,RST
15:41:39.535271, e        ,tcp,54.149.99.181,64247,   ->,137.184.18.211,ms-wbt-server,7,468,RST
15:41:42.574332, e        ,tcp,167.94.146.68,21251,   ->,137.184.18.211,20201,2,112,RST
15:41:44.777492, e        ,tcp,92.63.197.161,47047,   ->,137.184.18.211,43847,3,166,RST
15:41:50.341203, e        ,tcp,68.183.176.57,61953,   ->,137.184.18.211,27461,2,110,RST
15:41:51.221747, e *      ,tcp,91.198.115.91,63905,   ->,137.184.18.211,18080,30,2461,FIN
15:41:56.546494, e        ,tcp,40.115.49.158,53062,   ->,137.184.18.211,ms-wbt-server,7,468,RST
15:42:03.017452, e        ,tcp,79.124.62.62,57635,   ->,137.184.18.211,ms-wbt-server,4,226,RST
15:42:03.896461, e        ,tcp,54.149.99.181,54302,   ->,137.184.18.211,ms-wbt-server,7,468,RST
15:42:06.420555, e        ,tcp,91.198.115.92,11104,   ->,137.184.18.211,18080,21,1791,FIN
15:42:09.832298, e        ,tcp,185.142.236.35,14562,   ->,137.184.18.211,18245,2,112,RST
15:42:15.341325, e        ,tcp,162.218.65.133,51465,   ->,137.184.18.211,18080,57,4597,FIN
15:42:18.982754, e        ,tcp,40.115.49.158,58251,   ->,137.184.18.211,ms-wbt-server,7,468,RST
15:42:19.819508, e        ,tcp,159.203.175.196,30270,   ->,137.184.18.211,5900,2,116,RST
15:42:21.559161, e s      ,tcp,91.198.115.93,52959,   ->,137.184.18.211,18080,27,2247,FIN
15:42:28.647377, e        ,tcp,54.149.99.181,60726,   ->,137.184.18.211,ms-wbt-server,7,468,RST
15:42:33.246476, e        ,tcp,79.124.62.82,46823,   ->,137.184.18.211,14310,3,166,RST
15:42:36.502562, e        ,tcp,94.26.249.161,46084,   ->,137.184.18.211,ms-wbt-server,3,170,RST
15:42:36.785491, e s      ,tcp,91.198.115.94,54187,   ->,137.184.18.211,18080,27,2328,FIN
15:42:36.981248, M        ,tcp,137.184.18.211,36056,   ->,169.254.169.254,http,10,2129,FIN
15:42:43.939368, e        ,tcp,40.115.49.158,63217,   ->,137.184.18.211,ms-wbt-server,7,468,RST
15:42:47.635510, e        ,tcp,45.143.200.102,43154,   ->,137.184.18.211,3909,3,166,RST
15:42:52.135255, e        ,tcp,91.198.115.95,49682,   ->,137.184.18.211,18080,21,1791,FIN
15:42:52.835717, eU       ,udp,198.235.24.6,53938,   ->,137.184.18.211,snmp,1,85,REQ
15:42:52.835775, e        ,icmp,137.184.18.211,0x0303,   ->,198.235.24.6,0xa100,1,113,URP
15:42:55.262232, e        ,tcp,54.149.99.181,50774,   ->,137.184.18.211,ms-wbt-server,7,468,RST
15:42:57.312624, e        ,tcp,92.255.85.70,20178,   ->,137.184.18.211,ssh,2,128,RST
15:42:58.367475, e        ,tcp,185.167.96.146,35038,   ->,137.184.18.211,ms-wbt-server,9,729,RST
15:42:58.435647, e        ,tcp,20.199.45.50,56355,   ->,137.184.18.211,14000,2,110,RST
15:43:05.320752, e        ,tcp,79.124.62.78,46825,   ->,137.184.18.211,58075,3,166,RST
15:43:06.186477, e        ,tcp,40.115.49.158,51246,   ->,137.184.18.211,ms-wbt-server,7,468,RST
15:43:07.245230, e        ,tcp,91.198.115.96,45179,   ->,137.184.18.211,18080,27,2979,FIN
15:43:15.069095, e        ,tcp,167.248.133.141,21895,   ->,137.184.18.211,submission,2,112,RST
15:43:15.848522, e        ,tcp,162.218.65.133,56289,   ->,137.184.18.211,18080,57,4597,FIN
15:43:20.279051, e        ,tcp,54.149.99.181,57206,   ->,137.184.18.211,ms-wbt-server,7,468,RST
15:43:28.237188, e        ,tcp,40.115.49.158,56310,   ->,137.184.18.211,ms-wbt-server,7,468,RST
15:43:32.354835, e s      ,tcp,91.198.115.97,3151,   ->,137.184.18.211,18080,28,2313,FIN
15:43:46.783846, e        ,tcp,54.149.99.181,63631,   ->,137.184.18.211,ms-wbt-server,7,468,RST
15:43:47.036470, e        ,tcp,130.225.39.237,57466,   ->,137.184.18.211,44417,3,166,RST
15:43:47.816146, e        ,tcp,91.198.115.98,5736,   ->,137.184.18.211,18080,22,1857,FIN
15:43:49.870919, e        ,tcp,40.115.49.158,60460,   ->,137.184.18.211,ms-wbt-server,7,468,RST
15:43:51.570167, e        ,tcp,89.248.165.52,42140,   ->,137.184.18.211,7002,3,166,RST
15:43:55.226346, e        ,tcp,188.166.18.50,61953,   ->,137.184.18.211,gds-db,2,110,RST
15:44:03.169845, e        ,tcp,91.198.115.99,9226,   ->,137.184.18.211,18080,21,1791,FIN
15:44:11.745800, e        ,tcp,54.149.99.181,53684,   ->,137.184.18.211,ms-wbt-server,7,468,RST
15:44:14.914125, e        ,tcp,40.115.49.158,65031,   ->,137.184.18.211,ms-wbt-server,7,468,RST
15:44:16.173879, e        ,tcp,162.218.65.133,38385,   ->,137.184.18.211,18080,59,4772,FIN
15:44:17.080039, e        ,tcp,176.111.174.105,42139,   ->,137.184.18.211,5149,3,166,RST
15:44:17.299390, e        ,tcp,192.241.216.76,52946,   ->,137.184.18.211,7474,2,110,RST
15:44:17.578559, e        ,tcp,159.89.122.108,39523,   ->,137.184.18.211,http-alt,2,110,RST
15:44:18.185423, e        ,tcp,91.198.115.100,37024,   ->,137.184.18.211,18080,21,1791,FIN
15:44:21.437955, e        ,tcp,45.61.184.204,48596,   ->,137.184.18.211,ssh,2,112,RST
15:44:26.358678, e        ,tcp,102.32.128.135,8882,   ->,137.184.18.211,18080,7,682,FIN
15:44:33.431226, e        ,tcp,91.198.115.101,20495,   ->,137.184.18.211,18080,32,2694,FIN
15:44:36.989919, M        ,tcp,137.184.18.211,58452,   ->,169.254.169.254,http,10,2089,FIN
15:44:37.261762, e        ,tcp,40.115.49.158,53154,   ->,137.184.18.211,ms-wbt-server,7,468,RST
15:44:37.309750, e        ,tcp,174.138.45.6,50765,   ->,137.184.18.211,55443,3,166,RST
15:44:37.681918, e        ,tcp,54.149.99.181,60109,   ->,137.184.18.211,ms-wbt-server,7,468,RST
15:44:48.544008, e        ,tcp,91.198.115.102,15319,   ->,137.184.18.211,18080,21,1791,FIN
15:44:59.150259, e        ,tcp,40.115.49.158,57637,   ->,137.184.18.211,ms-wbt-server,7,468,RST
15:45:01.809048, e        ,tcp,2.57.122.209,44566,   ->,137.184.18.211,1256,2,110,RST
15:45:05.298123, e        ,tcp,54.149.99.181,50158,   ->,137.184.18.211,ms-wbt-server,7,468,RST
15:45:13.770359, e        ,tcp,91.198.115.103,28246,   ->,137.184.18.211,18080,19,1659,FIN
15:45:16.102399, e   t    ,tcp,116.62.223.211,57634,   ->,137.184.18.211,ms-wbt-server,8,505,RST
15:45:16.528611, e        ,tcp,162.218.65.133,50380,   ->,137.184.18.211,18080,59,4772,FIN
15:45:21.498451, e        ,tcp,40.115.49.158,62421,   ->,137.184.18.211,ms-wbt-server,7,468,RST
15:45:23.051757, e        ,tcp,137.184.18.211,47846,  <?>,24.154.208.234,18080,2,110,RST
15:45:28.257692, e        ,tcp,211.230.176.81,8698,   ->,137.184.18.211,52869,2,110,RST
15:45:29.224997, e        ,tcp,91.198.115.104,17338,   ->,137.184.18.211,18080,21,1791,FIN
15:45:30.540088, e        ,tcp,54.149.99.181,56587,   ->,137.184.18.211,ms-wbt-server,7,468,RST
15:45:37.143834, e        ,tcp,167.248.133.141,12361,   ->,137.184.18.211,openvpn,2,112,RST
15:45:44.559119, e s      ,tcp,91.198.115.105,27193,   ->,137.184.18.211,18080,27,2247,FIN
15:45:46.148972, e        ,tcp,40.115.49.158,50722,   ->,137.184.18.211,ms-wbt-server,7,468,RST
15:45:56.599763, e        ,tcp,54.149.99.181,63011,   ->,137.184.18.211,ms-wbt-server,7,468,RST
15:45:59.883399, e        ,tcp,91.198.115.106,43281,   ->,137.184.18.211,18080,21,1791,FIN
15:46:00.492497, e        ,tcp,45.148.10.81,44041,   ->,137.184.18.211,50151,2,110,RST
15:46:04.519655, e        ,tcp,162.218.65.136,17902,   ->,137.184.18.211,18080,57,4597,FIN
15:46:08.754630, e        ,tcp,40.115.49.158,55141,   ->,137.184.18.211,ms-wbt-server,7,468,RST
15:46:15.191803, e s      ,tcp,91.198.115.107,7680,   ->,137.184.18.211,18080,28,2313,FIN
15:46:16.679421, e        ,tcp,162.218.65.133,27482,   ->,137.184.18.211,18080,57,4597,FIN
15:46:21.500361, e        ,tcp,54.149.99.181,53064,   ->,137.184.18.211,ms-wbt-server,7,468,RST
15:46:25.373710, e        ,tcp,79.124.62.86,46824,   ->,137.184.18.211,59775,3,166,RST
15:46:25.461621, e        ,tcp,173.255.203.13,56838,   ->,137.184.18.211,50050,3,166,RST
15:46:27.678431, e        ,tcp,89.248.165.104,42123,   ->,137.184.18.211,9250,3,166,RST
15:46:30.552010, e s      ,tcp,91.198.115.108,54637,   ->,137.184.18.211,18080,27,2247,FIN
15:46:30.812213, e        ,tcp,40.115.49.158,59396,   ->,137.184.18.211,ms-wbt-server,7,468,RST
15:46:34.960114, e        ,tcp,162.218.65.219,35874,   ->,137.184.18.211,18080,5,346,FIN
15:46:34.970731, e        ,tcp,162.218.65.219,25904,   ->,137.184.18.211,18081,2,128,RST
15:46:36.254223, e        ,tcp,172.98.33.196,54448,   ->,137.184.18.211,18080,7,758,FIN
15:46:36.999208, M        ,tcp,137.184.18.211,53150,   ->,169.254.169.254,http,10,2117,FIN
15:46:37.301153, eU       ,udp,94.102.61.32,54138,   ->,137.184.18.211,3671,1,71,REQ
15:46:37.301204, e        ,icmp,137.184.18.211,0x0303,   ->,94.102.61.32,0x570e,1,99,URP
15:46:39.718183, e        ,tcp,67.177.208.133,55126,   ->,137.184.18.211,18080,7,682,FIN
15:46:45.290938, e        ,tcp,54.149.99.181,59490,   ->,137.184.18.211,ms-wbt-server,7,468,RST
15:46:53.490301, e        ,tcp,40.115.49.158,64061,   ->,137.184.18.211,ms-wbt-server,7,468,RST
15:46:55.824045, e        ,tcp,91.198.115.109,1742,   ->,137.184.18.211,18080,27,2328,FIN
15:46:59.398957, e        ,tcp,167.94.145.27,16255,   ->,137.184.18.211,65196,2,112,RST
15:47:04.586221, e        ,tcp,162.218.65.136,56806,   ->,137.184.18.211,18080,59,4772,FIN
15:47:11.284795, e s      ,tcp,91.198.115.110,51613,   ->,137.184.18.211,18080,37,3048,FIN
15:47:13.108734, e        ,tcp,54.149.99.181,49538,   ->,137.184.18.211,ms-wbt-server,7,468,RST
15:47:16.236441, e        ,tcp,40.115.49.158,52152,   ->,137.184.18.211,ms-wbt-server,7,468,RST
15:47:16.940940, e        ,tcp,162.218.65.133,14369,   ->,137.184.18.211,18080,57,4597,FIN
15:47:17.333727, e        ,tcp,159.223.118.170,39064,   ->,137.184.18.211,http-alt,2,110,RST
15:47:26.641747, e        ,tcp,91.198.115.111,41685,   ->,137.184.18.211,18080,21,1791,FIN
15:47:29.065445, e s      ,tcp,20.168.16.46,52579,   ->,137.184.18.211,http,10,600,RST
15:47:30.154225, e        ,tcp,78.128.113.158,52546,   ->,137.184.18.211,23163,3,166,RST
15:47:34.031661, e   t    ,tcp,164.52.207.218,26236,   ->,137.184.18.211,18080,7,772,FIN
15:47:37.794892, e        ,tcp,54.149.99.181,55968,   ->,137.184.18.211,ms-wbt-server,7,468,RST
15:47:41.140010, e        ,tcp,40.115.49.158,56779,   ->,137.184.18.211,ms-wbt-server,7,468,RST
15:47:41.654142, e        ,tcp,91.198.115.112,54981,   ->,137.184.18.211,18080,21,1791,FIN
15:47:56.920856, e s      ,tcp,91.198.115.113,58550,   ->,137.184.18.211,18080,27,2328,FIN
15:48:01.475778, e        ,tcp,54.149.99.181,62392,   ->,137.184.18.211,ms-wbt-server,7,468,RST
15:48:03.458338, e        ,tcp,40.115.49.158,61526,   ->,137.184.18.211,ms-wbt-server,7,468,RST
15:48:04.974402, e        ,tcp,162.218.65.136,62372,   ->,137.184.18.211,18080,57,4597,FIN
15:48:12.220686, e        ,tcp,91.198.115.114,23984,   ->,137.184.18.211,18080,21,1791,FIN
15:48:17.959203, e        ,tcp,185.156.73.107,52462,   ->,137.184.18.211,31998,3,166,RST
15:48:19.759156, e        ,tcp,94.232.45.241,58878,   ->,137.184.18.211,37836,3,166,RST
15:48:22.776760, e        ,tcp,108.248.225.41,35006,   ->,137.184.18.211,18080,7,754,FIN
15:48:25.098745, e        ,tcp,40.115.49.158,65331,   ->,137.184.18.211,ms-wbt-server,7,468,RST
15:48:25.899082, e        ,tcp,54.149.99.181,52447,   ->,137.184.18.211,ms-wbt-server,7,468,RST
15:48:37.017362, M        ,tcp,137.184.18.211,59034,   ->,169.254.169.254,http,10,2105,FIN
15:48:37.241252, e *      ,tcp,91.198.115.115,27182,   ->,137.184.18.211,18080,24,2005,FIN
15:48:45.277471, e        ,tcp,92.63.197.169,47138,   ->,137.184.18.211,12465,3,166,RST
15:48:47.113967, e        ,tcp,40.115.49.158,53235,   ->,137.184.18.211,ms-wbt-server,7,468,RST
15:48:52.434225, e        ,tcp,91.198.115.116,51828,   ->,137.184.18.211,18080,21,1791,FIN
15:48:52.934045, e        ,tcp,54.149.99.181,58871,   ->,137.184.18.211,ms-wbt-server,7,468,RST
15:48:56.305896, eU       ,udp,103.207.36.193,49617,   ->,137.184.18.211,ntp,1,234,REQ
15:48:56.305956, e        ,icmp,137.184.18.211,0x0303,   ->,103.207.36.193,0x7b00,1,262,URP
15:49:00.590107, e        ,tcp,162.218.65.219,52939,   ->,137.184.18.211,18080,5,346,FIN
15:49:00.600225, e        ,tcp,162.218.65.219,61883,   ->,137.184.18.211,18081,2,128,RST
15:49:03.815404, e        ,tcp,45.95.147.216,58244,   ->,137.184.18.211,15593,3,166,RST
15:49:04.612442, e        ,tcp,192.0.138.238,54279,   ->,137.184.18.211,18080,7,682,FIN
15:49:05.190984, e        ,tcp,162.218.65.136,52438,   ->,137.184.18.211,18080,57,4597,FIN
15:49:07.692321, e        ,tcp,91.198.115.117,2437,   ->,137.184.18.211,18080,21,1791,FIN
15:49:10.145930, e        ,tcp,40.115.49.158,58710,   ->,137.184.18.211,ms-wbt-server,7,468,RST
15:49:17.685070, e        ,tcp,54.149.99.181,65296,   ->,137.184.18.211,ms-wbt-server,7,468,RST
15:49:22.883739, e        ,tcp,91.198.115.118,22627,   ->,137.184.18.211,18080,21,1791,FIN
15:49:24.527144, e   t    ,tcp,116.62.223.211,49230,   ->,137.184.18.211,ms-wbt-server,8,505,RST
15:49:25.270255, eU       ,udp,130.225.39.237,57466,   ->,137.184.18.211,33811,1,56,REQ
15:49:25.270307, e        ,icmp,137.184.18.211,0x0303,   ->,130.225.39.237,0x1384,1,70,URP
15:49:34.956490, e        ,tcp,40.115.49.158,63506,   ->,137.184.18.211,ms-wbt-server,7,468,RST
15:49:38.109365, e s      ,tcp,91.198.115.119,4987,   ->,137.184.18.211,18080,27,2991,FIN
15:49:39.227723, e        ,tcp,62.204.41.168,42233,   ->,137.184.18.211,5489,3,166,RST
15:49:39.271999, e        ,tcp,79.124.62.82,46823,   ->,137.184.18.211,62491,3,166,RST
15:49:43.185104, e        ,tcp,54.149.99.181,55351,   ->,137.184.18.211,ms-wbt-server,7,468,RST
15:49:45.689137, e        ,tcp,157.230.245.64,54404,   ->,137.184.18.211,ssh,2,128,RST
15:49:46.880554, eU       ,udp,181.88.198.77,29547,   ->,137.184.18.211,8082,1,140,REQ
15:49:46.880609, e        ,icmp,137.184.18.211,0x0303,   ->,181.88.198.77,0x921f,1,168,URP
15:49:46.967232, e        ,tcp,186.30.29.58,59117,   ->,137.184.18.211,microsoft-ds,2,120,RST
15:49:53.566240, e        ,tcp,91.198.115.120,44725,   ->,137.184.18.211,18080,21,1791,FIN
15:49:53.871951, e        ,tcp,37.19.206.112,14143,   ->,137.184.18.211,18080,7,772,FIN
15:49:57.275303, e        ,tcp,40.115.49.158,51914,   ->,137.184.18.211,ms-wbt-server,7,468,RST
15:50:05.340441, e s      ,tcp,162.218.65.136,32016,   ->,137.184.18.211,18080,59,4784,FIN
15:50:10.378541, e        ,tcp,54.149.99.181,61775,   ->,137.184.18.211,ms-wbt-server,7,468,RST
15:50:18.805099, e        ,tcp,91.198.115.121,52175,   ->,137.184.18.211,18080,21,1791,FIN
15:50:19.460454, e        ,tcp,40.115.49.158,56496,   ->,137.184.18.211,ms-wbt-server,7,468,RST
15:50:27.229675, e        ,tcp,83.250.199.134,33752,   ->,137.184.18.211,telnet,2,112,RST
15:50:31.191180, e        ,tcp,92.63.197.133,52039,   ->,137.184.18.211,31351,3,166,RST
15:50:34.131304, e        ,tcp,91.198.115.122,13089,   ->,137.184.18.211,18080,21,1791,FIN
15:50:37.037442, M        ,tcp,137.184.18.211,57056,   ->,169.254.169.254,http,10,2120,FIN
15:50:37.193282, e        ,tcp,54.149.99.181,51823,   ->,137.184.18.211,ms-wbt-server,7,468,RST
15:50:39.724499, e        ,tcp,167.94.145.91,31293,   ->,137.184.18.211,imap2,2,112,RST
15:50:40.202296, e        ,tcp,79.124.62.78,46825,   ->,137.184.18.211,11253,3,166,RST
15:50:41.170764, e        ,tcp,40.115.49.158,61055,   ->,137.184.18.211,ms-wbt-server,7,468,RST
15:50:49.321056, e        ,tcp,91.198.115.123,32785,   ->,137.184.18.211,18080,21,1791,FIN
15:50:52.284803, e        ,tcp,79.124.62.130,46826,   ->,137.184.18.211,56324,3,166,RST
15:50:52.407440, e        ,tcp,92.63.197.70,41999,   ->,137.184.18.211,21345,3,166,RST
15:50:53.154078, e        ,tcp,62.204.41.80,53291,   ->,137.184.18.211,8058,3,166,RST
15:51:01.814956, e        ,tcp,170.75.163.41,33560,   ->,137.184.18.211,18080,7,772,FIN
15:51:03.138322, e        ,tcp,54.149.99.181,58250,   ->,137.184.18.211,ms-wbt-server,7,468,RST
15:51:03.339087, e        ,tcp,40.115.49.158,49659,   ->,137.184.18.211,ms-wbt-server,7,468,RST
15:51:04.359712, e        ,tcp,91.198.115.124,63559,   ->,137.184.18.211,18080,21,1791,FIN
15:51:04.438053, e        ,tcp,91.191.209.14,47966,   ->,137.184.18.211,5885,3,166,RST
15:51:05.370779, e        ,tcp,162.218.65.136,30195,   ->,137.184.18.211,18080,57,4597,FIN
15:51:07.113606, e        ,tcp,92.63.197.162,47125,   ->,137.184.18.211,58847,3,166,RST
15:51:13.787911, e        ,tcp,194.26.29.152,53082,   ->,137.184.18.211,2970,3,166,RST
15:51:15.294348, e        ,tcp,89.151.33.100,49956,   ->,137.184.18.211,18080,8,674,FIN
15:51:17.524667, e        ,tcp,92.63.197.154,47020,   ->,137.184.18.211,58137,3,166,RST
15:51:18.472406, e        ,tcp,41.239.99.212,60087,   ->,137.184.18.211,telnet,2,110,RST
15:51:19.465504, e        ,tcp,91.198.115.125,62538,   ->,137.184.18.211,18080,21,1791,FIN
15:51:22.745351, e * t    ,tcp,116.62.223.211,53509,   ->,137.184.18.211,ms-wbt-server,14,929,RST
15:51:28.186237, e        ,tcp,40.115.49.158,54719,   ->,137.184.18.211,ms-wbt-server,7,468,RST
15:51:32.392944, e        ,tcp,54.149.99.181,64676,   ->,137.184.18.211,ms-wbt-server,7,468,RST
15:51:35.335883, e s      ,tcp,91.198.115.126,47482,   ->,137.184.18.211,18080,38,3150,FIN
15:51:38.783093, e        ,tcp,115.78.9.145,45266,   ->,137.184.18.211,ssh,2,128,RST
15:51:39.248307, e        ,tcp,113.207.36.182,4076,   ->,137.184.18.211,9999,2,112,RST
15:51:39.254460, e        ,tcp,89.248.165.199,52758,   ->,137.184.18.211,9999,3,166,RST
15:51:48.670148, e        ,tcp,92.5.98.36,45794,   ->,137.184.18.211,18080,7,754,FIN
15:51:49.667885, e        ,tcp,40.115.49.158,58934,   ->,137.184.18.211,ms-wbt-server,7,468,RST
15:51:57.171235, e        ,tcp,54.149.99.181,54731,   ->,137.184.18.211,ms-wbt-server,7,468,RST
15:52:00.348652, e s      ,tcp,91.198.115.127,32546,   ->,137.184.18.211,18080,27,2247,FIN
15:52:05.627863, e        ,tcp,162.218.65.136,59704,   ->,137.184.18.211,18080,61,4904,FIN
15:52:11.723399, e        ,tcp,40.115.49.158,64077,   ->,137.184.18.211,ms-wbt-server,7,468,RST
15:52:15.500872, e s      ,tcp,91.198.115.128,51063,   ->,137.184.18.211,18080,27,2328,FIN
15:52:22.877672, e        ,tcp,54.149.99.181,61152,   ->,137.184.18.211,ms-wbt-server,7,468,RST
15:52:30.860634, e s      ,tcp,91.198.115.129,35066,   ->,137.184.18.211,18080,38,3069,FIN
15:52:33.622350, e        ,tcp,40.115.49.158,52040,   ->,137.184.18.211,ms-wbt-server,7,468,RST
15:52:37.053644, M        ,tcp,137.184.18.211,49044,   ->,169.254.169.254,http,10,2094,FIN
15:52:45.878397, e s      ,tcp,91.198.115.130,38135,   ->,137.184.18.211,18080,33,3435,FIN
15:52:46.513302, e        ,tcp,185.156.73.131,57425,   ->,137.184.18.211,3345,3,166,RST
15:52:50.899019, e        ,tcp,54.149.99.181,51202,   ->,137.184.18.211,ms-wbt-server,7,468,RST
15:52:53.261264, e        ,tcp,202.100.240.226,52944,   ->,137.184.18.211,2376,3,166,RST
15:52:58.149549, e        ,tcp,40.115.49.158,56693,   ->,137.184.18.211,ms-wbt-server,7,468,RST
15:52:58.751446, e        ,tcp,79.124.62.82,46823,   ->,137.184.18.211,17967,3,166,RST
15:53:00.901120, e s      ,tcp,91.198.115.131,57772,   ->,137.184.18.211,18080,27,2328,FIN
15:53:03.921096, e        ,tcp,204.107.115.249,42004,   ->,137.184.18.211,18080,8,738,RST
15:53:04.950447, e        ,tcp,150.101.184.135,39606,   ->,137.184.18.211,18080,7,754,FIN
15:53:05.078713, e        ,tcp,167.94.145.21,24617,   ->,137.184.18.211,64280,2,112,RST
15:53:06.025634, e        ,tcp,162.218.65.136,58831,   ->,137.184.18.211,18080,57,4597,FIN
15:53:16.341760, e        ,tcp,91.198.115.132,36517,   ->,137.184.18.211,18080,27,2223,FIN
15:53:17.710106, e        ,tcp,54.149.99.181,57632,   ->,137.184.18.211,ms-wbt-server,7,468,RST
15:53:20.199140, e        ,tcp,40.115.49.158,60950,   ->,137.184.18.211,ms-wbt-server,7,468,RST
15:53:20.642429, e   t    ,tcp,116.62.223.211,57474,   ->,137.184.18.211,ms-wbt-server,8,505,RST
15:53:41.460749, e s      ,tcp,91.198.115.133,35933,   ->,137.184.18.211,18080,27,2247,FIN
15:53:41.565373, e        ,tcp,40.115.49.158,65020,   ->,137.184.18.211,ms-wbt-server,7,468,RST
15:53:44.607237, e        ,tcp,54.149.99.181,64059,   ->,137.184.18.211,ms-wbt-server,7,468,RST
15:53:56.885606, e s      ,tcp,91.198.115.134,3875,   ->,137.184.18.211,18080,27,2979,FIN
15:53:59.606024, e        ,tcp,91.191.209.214,52997,   ->,137.184.18.211,17385,3,166,RST
15:54:03.586276, e        ,tcp,40.115.49.158,54039,   ->,137.184.18.211,ms-wbt-server,7,468,RST
15:54:06.505570, e        ,tcp,162.218.65.136,9248,   ->,137.184.18.211,18080,61,4904,FIN
15:54:09.166967, e        ,tcp,66.73.1.127,46014,   ->,137.184.18.211,18080,7,754,FIN
15:54:10.499379, e        ,tcp,162.218.65.67,34985,   ->,137.184.18.211,18080,57,4597,FIN
15:54:10.944377, e        ,tcp,54.149.99.181,54115,   ->,137.184.18.211,ms-wbt-server,7,468,RST
15:54:11.992430, e        ,tcp,91.198.115.135,31512,   ->,137.184.18.211,18080,21,1791,FIN
15:54:24.978365, e        ,tcp,45.95.147.235,58245,   ->,137.184.18.211,26560,3,166,RST
15:54:27.294940, e s      ,tcp,91.198.115.136,2702,   ->,137.184.18.211,18080,27,2247,FIN
15:54:27.746178, e        ,tcp,79.124.62.78,46825,   ->,137.184.18.211,17060,3,166,RST
15:54:28.554245, e        ,tcp,40.115.49.158,58850,   ->,137.184.18.211,ms-wbt-server,7,468,RST
15:54:37.064169, M        ,tcp,137.184.18.211,45098,   ->,169.254.169.254,http,10,2112,FIN
15:54:38.227416, e        ,tcp,54.149.99.181,60527,   ->,137.184.18.211,ms-wbt-server,7,468,RST
15:54:39.731670, e        ,tcp,192.241.209.39,34380,   ->,137.184.18.211,8005,2,110,RST
15:54:42.390417, e        ,tcp,91.198.115.137,29564,   ->,137.184.18.211,18080,24,1989,FIN
15:54:43.118726, e        ,tcp,79.124.62.82,46823,   ->,137.184.18.211,54036,3,166,RST
15:54:45.208780, e        ,tcp,172.58.120.223,48084,   ->,137.184.18.211,18080,7,754,FIN
15:54:50.223259, e        ,tcp,40.115.49.158,63488,   ->,137.184.18.211,ms-wbt-server,7,468,RST
15:54:56.452460, e        ,tcp,90.154.15.226,53888,   ->,137.184.18.211,https,2,128,RST
15:54:57.791669, e        ,tcp,91.198.115.138,58072,   ->,137.184.18.211,18080,24,1989,FIN
15:55:02.972277, e        ,tcp,54.149.99.181,50589,   ->,137.184.18.211,ms-wbt-server,7,468,RST
15:55:06.599604, e        ,tcp,162.218.65.136,2174,   ->,137.184.18.211,18080,59,4772,FIN
15:55:10.598441, e        ,tcp,162.218.65.67,51244,   ->,137.184.18.211,18080,59,4772,FIN
15:55:12.176737, e        ,tcp,45.143.203.15,44449,   ->,137.184.18.211,4848,3,166,RST
15:55:12.344973, e        ,tcp,40.115.49.158,51963,   ->,137.184.18.211,ms-wbt-server,7,468,RST
15:55:13.884649, e        ,tcp,185.156.73.157,47193,   ->,137.184.18.211,56199,3,166,RST
15:55:17.032172, e        ,tcp,139.59.226.189,61953,   ->,137.184.18.211,9850,2,110,RST
15:55:23.025944, e s      ,tcp,91.198.115.139,17260,   ->,137.184.18.211,18080,33,2784,FIN
15:55:26.670244, e        ,tcp,54.149.99.181,57013,   ->,137.184.18.211,ms-wbt-server,7,468,RST
15:55:34.375230, e        ,tcp,40.115.49.158,56292,   ->,137.184.18.211,ms-wbt-server,7,468,RST
15:55:38.483795, e        ,tcp,91.198.115.140,35175,   ->,137.184.18.211,18080,21,1791,FIN
15:55:48.967676, e        ,tcp,91.191.209.46,49716,   ->,137.184.18.211,40486,3,166,RST
15:55:53.562620, e        ,tcp,54.149.99.181,63440,   ->,137.184.18.211,ms-wbt-server,7,468,RST
15:55:53.984206, e s      ,tcp,91.198.115.141,8053,   ->,137.184.18.211,18080,27,2247,FIN
15:55:58.960985, e        ,tcp,40.115.49.158,60941,   ->,137.184.18.211,ms-wbt-server,7,468,RST
15:55:59.658792, e        ,tcp,193.163.125.51,42333,   ->,137.184.18.211,1103,2,112,RST
15:56:05.587021, e        ,tcp,185.102.218.105,44508,   ->,137.184.18.211,18080,7,754,FIN
15:56:09.058470, e *      ,tcp,91.198.115.142,33051,   ->,137.184.18.211,18080,24,2005,FIN
15:56:11.041630, e        ,tcp,162.218.65.67,25940,   ->,137.184.18.211,18080,61,4904,FIN
15:56:14.557345, e        ,tcp,103.80.134.26,31426,   ->,137.184.18.211,5900,2,110,RST
15:56:18.338584, e        ,tcp,54.149.99.181,53491,   ->,137.184.18.211,ms-wbt-server,7,468,RST
15:56:21.550856, e        ,tcp,40.115.49.158,49725,   ->,137.184.18.211,ms-wbt-server,7,468,RST
15:56:24.346220, e        ,tcp,91.198.115.143,20916,   ->,137.184.18.211,18080,21,1791,FIN
15:56:24.949108, e        ,tcp,167.248.133.153,59499,   ->,137.184.18.211,8502,2,112,RST
15:56:37.074565, M        ,tcp,137.184.18.211,52148,   ->,169.254.169.254,http,10,2083,FIN
15:56:38.201157, e        ,tcp,45.148.10.81,35808,   ->,137.184.18.211,33633,2,110,RST
15:56:39.187324, e        ,tcp,92.63.197.172,47151,   ->,137.184.18.211,42676,3,166,RST
15:56:39.767194, e s      ,tcp,91.198.115.144,gpsd,   ->,137.184.18.211,18080,27,2247,FIN
15:56:43.115487, e        ,tcp,54.149.99.181,59915,   ->,137.184.18.211,ms-wbt-server,7,468,RST
15:56:43.897298, e        ,tcp,40.115.49.158,54427,   ->,137.184.18.211,ms-wbt-server,6,412,RST
15:56:45.787172, e        ,tcp,185.156.73.160,47167,   ->,137.184.18.211,16902,3,166,RST
15:56:51.773327, e        ,tcp,167.94.145.81,55672,   ->,137.184.18.211,8089,2,112,RST
15:57:01.413951, e        ,tcp,103.203.59.6,55576,   ->,137.184.18.211,1723,2,110,RST
15:57:04.978032, e s      ,tcp,91.198.115.145,38187,   ->,137.184.18.211,18080,38,3882,FIN
15:57:07.066016, e        ,tcp,40.115.49.158,59002,   ->,137.184.18.211,ms-wbt-server,7,468,RST
15:57:10.530786, e        ,tcp,54.149.99.181,49965,   ->,137.184.18.211,ms-wbt-server,7,468,RST
15:57:11.170746, e        ,tcp,162.218.65.67,10321,   ->,137.184.18.211,18080,57,4597,FIN
15:57:14.920990, e        ,tcp,176.111.174.109,42153,   ->,137.184.18.211,5326,3,166,RST
15:57:18.870259, e s t    ,tcp,116.62.223.211,65444,   ->,137.184.18.211,ms-wbt-server,16,1109,RST
15:57:20.330428, e *      ,tcp,91.198.115.146,51711,   ->,137.184.18.211,18080,24,2005,FIN
15:57:22.705656, e i      ,tcp,64.227.96.13,61953,   ->,137.184.18.211,18080,10,604,RST
15:57:22.835692, e        ,tcp,205.210.31.129,49836,   ->,137.184.18.211,ftp,2,112,RST
15:57:27.496395, e        ,tcp,194.26.29.86,53388,   ->,137.184.18.211,8254,3,166,RST
15:57:30.077958, e        ,tcp,159.203.97.36,61953,   ->,137.184.18.211,8066,2,110,RST
15:57:32.303083, e        ,tcp,40.115.49.158,63841,   ->,137.184.18.211,ms-wbt-server,7,468,RST
15:57:32.992977, e        ,tcp,91.240.118.77,53008,   ->,137.184.18.211,33081,3,166,RST
15:57:34.112669, e        ,tcp,54.149.99.181,56395,   ->,137.184.18.211,ms-wbt-server,7,468,RST
15:57:35.669518, e        ,tcp,91.198.115.147,28073,   ->,137.184.18.211,18080,21,1791,FIN
15:57:50.842979, e s      ,tcp,91.198.115.148,35290,   ->,137.184.18.211,18080,27,2247,FIN
15:57:53.839165, e        ,tcp,40.115.49.158,52026,   ->,137.184.18.211,ms-wbt-server,7,468,RST
15:57:57.946025, e        ,tcp,92.63.197.160,47112,   ->,137.184.18.211,2193,3,166,RST
15:58:00.275679, e        ,tcp,54.149.99.181,62821,   ->,137.184.18.211,ms-wbt-server,7,468,RST
15:58:06.122864, e        ,tcp,91.198.115.149,21673,   ->,137.184.18.211,18080,21,1791,FIN
15:58:11.225311, e        ,tcp,162.218.65.67,8799,   ->,137.184.18.211,18080,57,4597,FIN
15:58:15.784699, e        ,tcp,40.115.49.158,56978,   ->,137.184.18.211,ms-wbt-server,7,468,RST
15:58:15.790004, e        ,tcp,192.110.160.146,56986,   ->,137.184.18.211,18080,7,754,FIN
15:58:21.186908, e        ,tcp,91.198.115.150,37720,   ->,137.184.18.211,18080,21,1791,FIN
15:58:24.985935, e        ,tcp,54.149.99.181,52874,   ->,137.184.18.211,ms-wbt-server,7,468,RST
15:58:37.082865, M        ,tcp,137.184.18.211,55590,   ->,169.254.169.254,http,10,2095,FIN
15:58:37.581763, e        ,tcp,40.115.49.158,61555,   ->,137.184.18.211,ms-wbt-server,7,468,RST
15:58:37.982896, e        ,tcp,71.6.233.149,8060,   ->,137.184.18.211,8060,2,110,RST
15:58:45.779059, e        ,tcp,205.185.125.167,60141,   ->,137.184.18.211,http-alt,2,110,RST
15:58:46.213199, e        ,tcp,91.198.115.151,10432,   ->,137.184.18.211,18080,27,2247,FIN
15:58:51.751676, e        ,tcp,54.149.99.181,59298,   ->,137.184.18.211,ms-wbt-server,7,468,RST
15:58:52.998966, e        ,tcp,185.156.73.131,57425,   ->,137.184.18.211,3981,3,166,RST
15:58:54.767910, e        ,tcp,163.172.158.4,59101,   ->,137.184.18.211,http,3,166,RST
15:58:57.318744, e        ,tcp,71.13.243.223,57778,   ->,137.184.18.211,18080,8,820,FIN
15:59:01.638898, e        ,tcp,91.198.115.152,7477,   ->,137.184.18.211,18080,24,1989,FIN
15:59:01.795297, e        ,tcp,40.115.49.158,49967,   ->,137.184.18.211,ms-wbt-server,7,468,RST
15:59:11.334289, e        ,tcp,162.218.65.67,11361,   ->,137.184.18.211,18080,47,3804,FIN
15:59:17.054120, e        ,tcp,91.198.115.153,54130,   ->,137.184.18.211,18080,26,2157,FIN
15:59:17.414992, e        ,tcp,54.149.99.181,49347,   ->,137.184.18.211,ms-wbt-server,7,468,RST
15:59:18.231660, e        ,tcp,167.248.133.135,21572,   ->,137.184.18.211,50805,2,112,RST
15:59:24.076116, e        ,tcp,40.115.49.158,54768,   ->,137.184.18.211,ms-wbt-server,7,468,RST
15:59:32.667829, e *      ,tcp,91.198.115.154,18790,   ->,137.184.18.211,18080,24,2005,FIN
15:59:43.251836, e        ,tcp,54.149.99.181,55776,   ->,137.184.18.211,ms-wbt-server,7,468,RST
15:59:45.785307, e        ,tcp,40.115.49.158,59899,   ->,137.184.18.211,ms-wbt-server,7,468,RST
15:59:48.039846, e        ,tcp,91.198.115.155,55542,   ->,137.184.18.211,18080,16,1349,FIN
15:59:50.477078, e        ,tcp,211.2.161.227,11541,   ->,137.184.18.211,18080,7,682,FIN
