StartTime,Dur,Proto,SrcAddr,Sport,Dir,DstAddr,Dport,State,sTos,dTos,TotPkts,TotBytes,SrcBytes,SrcPkts
2022/09/05 15:15:59.384686,8.736131,man,0,0,,0,0,STA,,,0,0,0,0
2022/09/05 16:00:50.131143,60.035015,man,0,0,,1728,1,CON,,,547,12768172,52196,547
2022/09/05 16:01:50.131157,60.100147,man,0,0,,1762,1,CON,,,535,12805436,48780,535
2022/09/05 16:02:50.101712,60.070698,man,0,0,,1801,1,CON,,,566,12846356,52152,566
2022/09/05 16:03:50.186192,60.184601,man,0,0,,1833,1,CON,,,572,12881428,51993,572
2022/09/05 16:04:50.189890,60.103828,man,0,0,,1874,1,CON,,,571,12926972,52855,571
2022/09/05 16:05:50.167825,60.078068,man,0,0,,1913,1,CON,,,557,12970324,49683,557
2022/09/05 16:06:50.128326,60.060627,man,0,0,,1942,1,CON,,,558,13000284,52423,558
2022/09/05 16:07:50.194758,60.166557,man,0,0,,1976,1,CON,,,553,13035116,50503,553
2022/09/05 16:08:50.160067,60.065441,man,0,0,,2010,1,CON,,,564,13068732,52562,564
2022/09/05 16:09:50.116399,60.056477,man,0,0,,2042,1,CON,,,580,13103804,53137,580
2022/09/05 16:10:50.126770,60.110554,man,0,0,,2076,1,CON,,,550,13139852,51061,550
2022/09/05 16:11:50.114576,60.087940,man,0,0,,2120,1,CON,,,669,13189292,59285,669
2022/09/05 16:12:50.132700,60.118282,man,0,0,,2154,1,CON,,,567,13227772,50510,567
2022/09/05 16:13:50.123566,60.091015,man,0,0,,2193,1,CON,,,566,13272340,49725,566
2022/09/05 16:14:50.189772,60.166325,man,0,0,,2233,1,CON,,,565,13317396,51739,565
2022/09/05 16:00:55.335595,877.378723,tcp,40.115.49.158,57019,   ->,137.184.18.211,3389,SRPA_SPA,2,0,7,468,275,4
2022/09/05 16:15:50.146175,60.056561,man,0,0,,2263,1,CON,,,548,13352468,48933,548
2022/09/05 16:00:00.000000,938.984009,tcp,162.243.190.66,56640,  <?>,137.184.18.211,902,PA_A,16,0,126,8388,4230,63
2022/09/05 16:00:00.000000,948.241028,tcp,137.184.18.211,18080,  <?>,162.218.65.2,2602,PA_A,0,0,752,57715,32895,376
2022/09/05 16:00:00.000000,954.204773,tcp,162.243.190.66,58794,  <?>,137.184.18.211,902,PA_PA,0,16,131,8750,4408,66
2022/09/05 16:00:00.000000,957.020142,tcp,198.211.111.194,21385,  <?>,137.184.18.211,902,PA_PA,0,16,3727,365354,122982,1863
2022/09/05 16:00:00.000000,950.816956,tcp,162.243.190.66,34441,  <?>,137.184.18.211,902,PA_PA,0,16,251,33450,8401,126
2022/09/05 16:00:00.000000,984.999756,tcp,137.184.18.211,53162,   ->,51.89.217.80,9999,SPA_SPA,0,0,161,28180,13825,93
2022/09/05 16:16:50.195426,60.149376,man,0,0,,2273,1,CON,,,578,13393508,53613,578
2022/09/05 16:17:50.129938,60.034618,man,0,0,,2257,1,CON,,,532,13428636,47837,532
2022/09/05 16:18:50.146541,60.116734,man,0,0,,2257,1,CON,,,569,13474180,51561,569
2022/09/05 16:19:50.194339,60.147923,man,0,0,,2268,1,CON,,,631,13520940,57124,631
2022/09/05 16:20:50.168150,60.073952,man,0,0,,2286,1,CON,,,620,13576956,57546,620
2022/09/05 16:21:50.157392,60.089375,man,0,0,,2276,1,CON,,,539,13611204,50497,539
2022/09/05 16:22:50.117405,60.060139,man,0,0,,2279,1,CON,,,616,13662356,58832,616
2022/09/05 16:23:50.114726,60.097443,man,0,0,,2259,1,CON,,,530,13691092,48291,530
2022/09/05 16:24:50.166739,60.152161,man,0,0,,2254,1,CON,,,496,13721780,46223,496
2022/09/05 16:25:50.178942,60.112343,man,0,0,,2237,1,CON,,,453,13750516,40465,453
2022/09/05 16:26:50.143263,60.064465,man,0,0,,2231,1,CON,,,545,13784612,49740,545
2022/09/05 16:27:50.157139,60.114014,man,0,0,,2213,1,CON,,,573,13813836,50517,573
2022/09/05 16:28:50.077771,60.020733,man,0,0,,2205,1,CON,,,598,13845012,55297,598
2022/09/05 16:29:50.132325,60.081799,man,0,0,,2195,1,CON,,,611,13873020,103581,611
2022/09/05 16:30:50.150340,60.118168,man,0,0,,2183,1,CON,,,545,13913204,50405,545
2022/09/05 16:31:50.142810,60.092598,man,0,0,,2173,1,CON,,,566,13953636,166032,566
2022/09/05 16:32:50.115400,60.072727,man,0,0,,2150,1,CON,,,543,13987244,51194,543
2022/09/05 16:33:50.125495,60.110229,man,0,0,,2148,1,CON,,,572,14024748,52437,572
2022/09/05 16:34:50.193601,60.168228,man,0,0,,2148,1,CON,,,551,14059332,51783,551
2022/09/05 16:35:50.186970,60.093494,man,0,0,,2144,1,CON,,,632,14094156,55900,632
2022/09/05 16:00:00.000000,2191.384766,arp,137.184.16.1,,  who,137.184.18.211,,CON,,,4,204,120,2
2022/09/05 16:36:50.174913,60.088120,man,0,0,,2146,1,CON,,,595,14145060,60731,595
2022/09/05 16:37:50.178928,60.104160,man,0,0,,2133,1,CON,,,508,14174284,47368,508
2022/09/05 16:38:50.159656,60.080856,man,0,0,,2127,1,CON,,,569,14211788,53163,569
2022/09/05 16:39:50.178856,60.119316,man,0,0,,2125,1,CON,,,584,14250268,53173,584
2022/09/05 16:00:00.000000,393.375549,tcp,89.151.33.100,49956,   ->,137.184.18.211,18080,FSPA_SA,0,0,7,608,406,4
2022/09/05 16:00:00.000000,11.524955,tcp,162.218.65.67,11361,   ->,137.184.18.211,18080,FSPA_SA,0,0,12,968,570,6
2022/09/05 16:00:00.000000,3.945013,tcp,91.198.115.155,55542,   ->,137.184.18.211,18080,FSPA_SA,0,0,6,508,307,3
2022/09/05 16:00:00.777893,5.883858,tcp,79.225.191.17,39790,   ->,137.184.18.211,18080,FSPA_SA,0,0,11,1042,680,6
2022/09/05 16:00:03.902836,15.258130,tcp,91.198.115.156,10598,   ->,137.184.18.211,18080,FSPA_SA,0,0,21,1791,1123,11
2022/09/05 16:00:08.151549,0.178329,tcp,40.115.49.158,64422,   ->,137.184.18.211,3389,SRPA_SPA,0,0,7,468,275,4
2022/09/05 16:00:08.393073,0.181737,tcp,54.149.99.181,62201,   ->,137.184.18.211,3389,SRPAEC_SPA,0,0,7,468,275,4
2022/09/05 16:00:11.481806,60.467167,tcp,162.218.65.67,57853,   ->,137.184.18.211,18080,FSPA_SA,0,0,61,4904,2916,31
2022/09/05 16:00:15.643946,0.000081,udp,216.218.206.73,47679,   ->,137.184.18.211,17,REQ,0,,1,56,56,1
2022/09/05 16:00:15.644027,0.000000,icmp,137.184.18.211,0x0303,   ->,216.218.206.73,0x1100,URP,192,,1,71,71,1
2022/09/05 16:00:29.118374,15.278595,tcp,91.198.115.157,22932,   ->,137.184.18.211,18080,FSPA_SA,0,0,36,2998,1788,19
2022/09/05 16:00:30.039096,0.069937,udp,137.184.18.211,54477,  <->,185.125.190.58,123,CON,16,0,2,180,90,1
2022/09/05 16:00:30.486345,0.172410,tcp,40.115.49.158,52390,   ->,137.184.18.211,3389,SRPA_SPA,0,0,7,468,275,4
2022/09/05 16:00:31.195108,0.088303,tcp,92.63.197.172,47151,   ->,137.184.18.211,52749,SR_RA,0,0,3,166,112,2
2022/09/05 16:00:35.793994,0.184016,tcp,54.149.99.181,52255,   ->,137.184.18.211,3389,SRPAEC_SPA,0,0,7,468,275,4
2022/09/05 16:00:36.579351,0.127822,tcp,5.188.206.38,52998,   ->,137.184.18.211,4135,SR_RA,0,0,3,166,112,2
2022/09/05 16:00:37.091601,0.011076,tcp,137.184.18.211,45460,   ->,169.254.169.254,80,FSPA_FSPA,0,0,10,2102,1537,5
2022/09/05 16:00:44.358371,15.190585,tcp,91.198.115.158,61937,   ->,137.184.18.211,18080,FSPA_SA,0,0,27,2247,1345,14
2022/09/05 16:00:45.992012,0.131450,tcp,5.188.206.134,52343,   ->,137.184.18.211,51297,SR_RA,0,0,3,166,112,2
2022/09/05 16:00:59.504182,15.976780,tcp,91.198.115.159,8373,   ->,137.184.18.211,18080,FSPA_SA,0,0,21,1791,1123,11
2022/09/05 16:01:00.851902,0.163231,tcp,54.149.99.181,58676,   ->,137.184.18.211,3389,SRPAEC_SPA,0,0,7,468,275,4
2022/09/05 16:01:05.125613,0.135502,tcp,45.143.200.102,43154,   ->,137.184.18.211,3657,SR_RA,0,0,3,166,112,2
2022/09/05 16:01:11.906358,60.130604,tcp,162.218.65.67,25760,   ->,137.184.18.211,18080,FSPA_SA,0,0,61,4916,2916,31
2022/09/05 16:01:15.437248,15.279735,tcp,91.198.115.160,18324,   ->,137.184.18.211,18080,FSPA_SA,0,0,21,1791,1123,11
2022/09/05 16:01:16.766407,0.287325,tcp,40.115.49.158,61279,   ->,137.184.18.211,3389,SRPA_SPA,0,0,7,468,275,4
2022/09/05 16:01:19.664587,5.204368,tcp,188.93.90.3,59792,   ->,137.184.18.211,18080,FSPA_SA,0,0,7,682,508,4
2022/09/05 16:01:22.207079,0.000049,tcp,114.238.206.194,37998,   ->,137.184.18.211,2323,S_RA,0,0,2,110,56,1
2022/09/05 16:01:25.837252,0.129907,tcp,176.111.174.98,42127,   ->,137.184.18.211,5054,SR_RA,0,0,3,166,112,2
2022/09/05 16:01:26.564703,0.168107,tcp,54.149.99.181,65101,   ->,137.184.18.211,3389,SRPAEC_SPA,0,0,7,468,275,4
2022/09/05 16:01:28.628137,0.335521,tcp,116.62.223.211,57325,   ->,137.184.18.211,3389,SRPAEC_SRAE,0,0,8,505,331,5
2022/09/05 16:01:30.675774,15.193184,tcp,91.198.115.161,47627,   ->,137.184.18.211,18080,FSPA_SA,0,0,21,1791,1123,11
2022/09/05 16:01:38.610907,0.177386,tcp,40.115.49.158,49592,   ->,137.184.18.211,3389,SRPA_SPA,0,0,7,468,275,4
2022/09/05 16:01:43.306678,0.075035,tcp,92.63.197.169,47138,   ->,137.184.18.211,15692,SR_RA,0,0,3,166,112,2
2022/09/05 16:01:43.863021,0.089414,tcp,93.174.93.227,51218,   ->,137.184.18.211,60357,SR_RA,0,0,3,166,112,2
2022/09/05 16:01:45.827852,15.057123,tcp,91.198.115.162,55292,   ->,137.184.18.211,18080,FSPA_SA,0,0,21,1791,1123,11
2022/09/05 16:01:52.495406,0.184165,tcp,54.149.99.181,55158,   ->,137.184.18.211,3389,SRPAEC_SPA,0,0,7,468,275,4
2022/09/05 16:01:57.105700,5.200854,tcp,212.24.168.154,46470,   ->,137.184.18.211,18080,FSPA_SA,0,0,7,754,548,4
2022/09/05 16:02:01.030670,0.181242,tcp,40.115.49.158,54399,   ->,137.184.18.211,3389,SRPA_SPA,0,0,7,468,275,4
2022/09/05 16:02:10.842519,15.690478,tcp,91.198.115.163,3696,   ->,137.184.18.211,18080,FSPA_SA,0,0,21,1791,1123,11
2022/09/05 16:02:11.995324,60.329662,tcp,162.218.65.67,7940,   ->,137.184.18.211,18080,FSPA_SA,0,0,57,4597,2741,29
2022/09/05 16:02:16.016404,60.260563,tcp,209.222.252.209,22776,   ->,137.184.18.211,18080,FSPA_SA,0,0,67,5360,3138,34
2022/09/05 16:02:19.713516,0.170849,tcp,54.149.99.181,61582,   ->,137.184.18.211,3389,SRPAEC_SPA,0,0,7,468,275,4
2022/09/05 16:02:25.916136,0.167455,tcp,40.115.49.158,59266,   ->,137.184.18.211,3389,SRPA_SPA,0,0,7,468,275,4
2022/09/05 16:02:26.493744,15.435210,tcp,91.198.115.164,38276,   ->,137.184.18.211,18080,FSPA_SA,0,0,21,1791,1123,11
2022/09/05 16:02:29.178013,0.132746,tcp,91.191.209.210,52994,   ->,137.184.18.211,37460,SR_RA,0,0,3,166,112,2
2022/09/05 16:02:32.195278,5.081680,tcp,74.208.253.57,53638,   ->,137.184.18.211,18080,FSPA_SA,0,0,7,772,566,4
2022/09/05 16:02:37.101391,0.007289,tcp,137.184.18.211,51700,   ->,169.254.169.254,80,FSPA_FSPA,0,0,10,2120,1555,5
2022/09/05 16:02:38.944731,0.000049,tcp,167.94.146.24,14457,   ->,137.184.18.211,57560,S_RA,32,32,2,112,58,1
2022/09/05 16:02:41.886210,15.206747,tcp,91.198.115.165,17205,   ->,137.184.18.211,18080,FSPA_SA,0,0,21,1791,1123,11
2022/09/05 16:02:42.629269,0.968473,tcp,45.95.147.201,58244,   ->,137.184.18.211,18791,SR_RA,0,0,3,166,112,2
2022/09/05 16:02:45.014157,0.164303,tcp,54.149.99.181,51630,   ->,137.184.18.211,3389,SRPAEC_SPA,0,0,7,468,275,4
2022/09/05 16:02:47.321880,0.170064,tcp,40.115.49.158,63687,   ->,137.184.18.211,3389,SRPA_SPA,0,0,7,468,275,4
2022/09/05 16:02:49.007086,0.140175,tcp,91.191.209.14,47966,   ->,137.184.18.211,5716,SR_RA,0,0,3,166,112,2
2022/09/05 16:02:56.548459,0.000060,udp,73.178.147.31,60070,   ->,137.184.18.211,57392,REQ,0,,1,194,194,1
2022/09/05 16:02:56.548519,0.000000,icmp,137.184.18.211,0x0303,   ->,73.178.147.31,0x30e0,URP,192,,1,222,222,1
2022/09/05 16:02:57.051226,15.241732,tcp,91.198.115.166,30428,   ->,137.184.18.211,18080,FSPA_SA,0,0,21,1791,1123,11
2022/09/05 16:03:05.440982,0.108179,tcp,79.124.62.78,46825,   ->,137.184.18.211,1464,SR_RA,0,0,3,166,112,2
2022/09/05 16:03:09.210148,0.168786,tcp,40.115.49.158,52418,   ->,137.184.18.211,3389,SRPA_SPA,0,0,7,468,275,4
2022/09/05 16:03:11.030360,0.185589,tcp,54.149.99.181,58060,   ->,137.184.18.211,3389,SRPAEC_SPA,0,0,7,468,275,4
2022/09/05 16:03:11.858362,0.000048,tcp,167.248.133.141,31181,   ->,137.184.18.211,88,S_RA,0,0,2,112,58,1
2022/09/05 16:03:12.251973,15.377026,tcp,91.198.115.167,18491,   ->,137.184.18.211,18080,FSPA_SA,0,0,27,2247,1345,14
2022/09/05 16:03:12.277139,60.419827,tcp,162.218.65.67,30018,   ->,137.184.18.211,18080,FSPA_SA,0,0,57,4597,2741,29
2022/09/05 16:03:16.233586,60.483364,tcp,209.222.252.209,22825,   ->,137.184.18.211,18080,FSPA_SA,0,0,69,5590,3266,35
2022/09/05 16:03:27.587315,15.205656,tcp,91.198.115.168,34426,   ->,137.184.18.211,18080,FSPA_SA,0,0,27,2328,1426,14
2022/09/05 16:03:30.969907,0.167128,tcp,40.115.49.158,56672,   ->,137.184.18.211,3389,SRPA_SPA,0,0,7,468,275,4
2022/09/05 16:03:37.116142,0.000000,udp,159.223.138.145,8082,   ->,137.184.18.211,5353,REQ,0,,1,92,92,1
2022/09/05 16:03:37.387714,0.167222,tcp,54.149.99.181,64485,   ->,137.184.18.211,3389,SRPAEC_SPA,0,0,7,468,275,4
2022/09/05 16:03:38.474757,0.113475,tcp,176.111.174.111,42200,   ->,137.184.18.211,5396,SR_RA,0,0,3,166,112,2
2022/09/05 16:03:38.775222,0.000054,tcp,167.94.138.105,33457,   ->,137.184.18.211,554,S_RA,0,0,2,112,58,1
2022/09/05 16:03:51.979977,0.012959,tcp,162.218.65.219,36972,   ->,137.184.18.211,18080,FSA_SA,0,0,5,346,206,3
2022/09/05 16:03:51.990500,0.000038,tcp,162.218.65.219,34129,   ->,137.184.18.211,18081,S_RA,0,0,2,128,74,1
2022/09/05 16:03:52.753313,15.475685,tcp,91.198.115.169,37440,   ->,137.184.18.211,18080,FSPA_SA,0,0,27,2247,1345,14
2022/09/05 16:03:55.504679,0.195527,tcp,185.156.73.131,57425,   ->,137.184.18.211,3346,SR_RA,0,0,3,166,112,2
2022/09/05 16:03:55.534911,0.164165,tcp,40.115.49.158,61009,   ->,137.184.18.211,3389,SRPA_SPA,0,0,7,468,275,4
2022/09/05 16:04:00.212830,0.136299,tcp,91.191.209.198,41646,   ->,137.184.18.211,31300,SR_RA,0,0,3,166,112,2
2022/09/05 16:04:01.855421,0.166487,tcp,54.149.99.181,54541,   ->,137.184.18.211,3389,SRPAEC_SPA,0,0,7,468,275,4
2022/09/05 16:04:08.184511,15.524458,tcp,91.198.115.170,45175,   ->,137.184.18.211,18080,FSPA_SA,0,0,27,2328,1426,14
2022/09/05 16:04:11.265560,0.079309,tcp,92.63.197.160,47112,   ->,137.184.18.211,15780,SR_RA,0,0,3,166,112,2
2022/09/05 16:04:16.673932,60.495018,tcp,209.222.252.209,52771,   ->,137.184.18.211,18080,FSPA_SA,0,0,65,5309,3153,33
2022/09/05 16:04:17.527341,0.372147,tcp,40.115.49.158,65523,   ->,137.184.18.211,3389,SRPA_SPA,0,0,7,468,275,4
2022/09/05 16:04:19.718293,0.077020,tcp,45.143.203.15,44449,   ->,137.184.18.211,4634,SR_RA,0,0,3,166,112,2
2022/09/05 16:04:23.669693,15.227270,tcp,91.198.115.171,31295,   ->,137.184.18.211,18080,FSPA_SA,0,0,21,1791,1123,11
2022/09/05 16:04:26.734279,0.166301,tcp,54.149.99.181,60965,   ->,137.184.18.211,3389,SRPAEC_SPA,0,0,7,468,275,4
2022/09/05 16:04:28.046862,5.126096,tcp,144.76.129.186,34960,   ->,137.184.18.211,18080,FSPA_SA,0,0,7,784,578,4
2022/09/05 16:04:37.109443,0.009203,tcp,137.184.18.211,50068,   ->,169.254.169.254,80,FSPA_FSPA,0,0,10,2103,1538,5
2022/09/05 16:04:38.853872,15.083088,tcp,91.198.115.172,45207,   ->,137.184.18.211,18080,FSPA_SA,0,0,21,1791,1123,11
2022/09/05 16:04:39.017293,0.163629,tcp,40.115.49.158,53458,   ->,137.184.18.211,3389,SRPA_SPA,0,0,7,468,275,4
2022/09/05 16:04:40.930208,0.000051,tcp,185.196.220.81,46818,   ->,137.184.18.211,81,S_RA,0,0,2,110,56,1
2022/09/05 16:04:44.852951,0.000000,udp,211.148.109.24,16350,   ->,220.210.163.180,15721,REQ,0,,1,578,578,1
2022/09/05 16:04:44.853004,0.000000,icmp,137.184.18.211,0x0203,   ->,36.2.157.170,0x2f00,URO,192,,1,590,590,1
2022/09/05 16:04:53.578336,0.599533,tcp,200.69.84.114,55819,   ->,137.184.18.211,445,S_RA,0,0,4,240,132,2
2022/09/05 16:04:53.893916,15.327040,tcp,91.198.115.173,45808,   ->,137.184.18.211,18080,FSPA_SA,0,0,27,2247,1345,14
2022/09/05 16:04:54.054652,0.452159,tcp,54.149.99.181,51021,   ->,137.184.18.211,3389,SRPAEC_SPA,0,0,7,468,275,4
2022/09/05 16:04:54.072186,0.115028,tcp,91.240.118.75,52970,   ->,137.184.18.211,8007,SR_RA,0,0,3,166,112,2
2022/09/05 16:04:54.152615,0.000054,tcp,162.142.125.229,20554,   ->,137.184.18.211,5987,S_RA,0,0,2,112,58,1
2022/09/05 16:04:55.199326,0.132205,tcp,91.240.118.53,52280,   ->,137.184.18.211,3438,SR_RA,0,0,3,166,112,2
2022/09/05 16:05:00.639019,5.105940,tcp,192.110.160.146,37564,   ->,137.184.18.211,18080,FSPA_SA,0,0,7,754,548,4
2022/09/05 16:05:00.766788,0.166467,tcp,40.115.49.158,58303,   ->,137.184.18.211,3389,SRPA_SPA,0,0,7,468,275,4
2022/09/05 16:05:09.175378,15.073590,tcp,91.198.115.174,60166,   ->,137.184.18.211,18080,FSPA_SA,0,0,21,1791,1123,11
2022/09/05 16:05:10.930254,0.095360,tcp,89.248.163.239,51723,   ->,137.184.18.211,9510,SR_RA,0,0,3,166,112,2
2022/09/05 16:05:17.125921,60.451038,tcp,209.222.252.209,43824,   ->,137.184.18.211,18080,FSPA_SA,0,0,69,5590,3266,35
2022/09/05 16:05:19.322482,0.175395,tcp,54.149.99.181,57449,   ->,137.184.18.211,3389,SRPAEC_SPA,0,0,7,468,275,4
2022/09/05 16:05:25.593241,0.172469,tcp,40.115.49.158,63133,   ->,137.184.18.211,3389,SRPA_SPA,0,0,7,468,275,4
2022/09/05 16:05:27.925814,0.000053,tcp,162.142.125.90,42809,   ->,137.184.18.211,55388,S_RA,0,0,2,112,58,1
2022/09/05 16:05:32.616335,0.266183,tcp,116.62.223.211,65319,   ->,137.184.18.211,3389,SRPAEC_SRAE,0,0,8,505,331,5
2022/09/05 16:05:34.130309,0.000051,tcp,45.83.66.187,13872,   ->,137.184.18.211,1911,S_RA,0,0,2,112,58,1
2022/09/05 16:05:34.205523,15.131477,tcp,91.198.115.175,41856,   ->,137.184.18.211,18080,FSPA_SA,0,0,27,2328,1426,14
2022/09/05 16:05:46.063461,0.230971,tcp,54.149.99.181,63873,   ->,137.184.18.211,3389,SRPAEC_SPA,0,0,7,468,275,4
2022/09/05 16:05:48.326777,0.171435,tcp,40.115.49.158,51522,   ->,137.184.18.211,3389,SRPA_SPA,0,0,7,468,275,4
2022/09/05 16:05:49.296586,15.185553,tcp,91.198.115.176,32731,   ->,137.184.18.211,18080,FSPA_SA,0,0,33,2784,1648,17
2022/09/05 16:05:54.868628,5.112350,tcp,99.121.59.157,57044,   ->,137.184.18.211,18080,FSPA_SA,0,0,7,772,566,4
2022/09/05 16:06:04.426184,15.602811,tcp,91.198.115.177,50552,   ->,137.184.18.211,18080,FSPA_SA,0,0,30,2461,1485,16
2022/09/05 16:06:07.058855,5.130099,tcp,184.71.201.30,57076,   ->,137.184.18.211,18080,FSPA_SA,0,0,8,820,548,4
2022/09/05 16:06:09.733959,0.286128,tcp,40.115.49.158,56053,   ->,137.184.18.211,3389,SRPA_SPA,0,0,7,468,275,4
2022/09/05 16:06:10.553955,0.170633,tcp,54.149.99.181,53931,   ->,137.184.18.211,3389,SRPAEC_SPA,0,0,7,468,275,4
2022/09/05 16:06:13.221005,0.000050,tcp,92.255.85.70,33354,   ->,137.184.18.211,22,S_RA,0,0,2,128,74,1
2022/09/05 16:06:17.535943,60.441017,tcp,209.222.252.209,30759,   ->,137.184.18.211,18080,FSPA_SA,0,0,69,6451,4127,35
2022/09/05 16:06:19.992840,15.436113,tcp,91.198.115.178,58396,   ->,137.184.18.211,18080,FSPA_SA,0,0,31,2511,1543,17
2022/09/05 16:06:27.645164,0.000051,tcp,167.71.234.134,50800,   ->,137.184.18.211,15335,S_RA,32,32,2,110,56,1
2022/09/05 16:06:31.835385,0.318326,tcp,40.115.49.158,60489,   ->,137.184.18.211,3389,SRPA_SPA,0,0,7,468,275,4
2022/09/05 16:06:35.386366,15.222586,tcp,91.198.115.179,60148,   ->,137.184.18.211,18080,FSPA_SA,0,0,25,2079,1337,14
2022/09/05 16:06:37.123986,0.006786,tcp,137.184.18.211,46774,   ->,169.254.169.254,80,FSPA_FSPA,0,0,10,2096,1531,5
2022/09/05 16:06:37.826043,0.573353,tcp,54.149.99.181,60357,   ->,137.184.18.211,3389,SRPAEC_SPA,0,0,7,468,275,4
2022/09/05 16:06:50.561801,15.495172,tcp,91.198.115.180,45338,   ->,137.184.18.211,18080,FSPA_SA,0,0,24,1989,1321,14
2022/09/05 16:06:54.384942,0.531374,tcp,40.115.49.158,65107,   ->,137.184.18.211,3389,SRPA_SPA,0,0,7,468,275,4
2022/09/05 16:07:03.101282,0.183355,tcp,54.149.99.181,50406,   ->,137.184.18.211,3389,SRPAEC_SPA,0,0,7,468,275,4
2022/09/05 16:07:09.289210,1.238908,tcp,62.204.41.222,31912,   ->,137.184.18.211,22,SEC_RA,0,0,6,356,194,3
2022/09/05 16:07:16.016633,15.212313,tcp,91.198.115.181,10392,   ->,137.184.18.211,18080,FSPA_SA,0,0,21,1791,1123,11
2022/09/05 16:07:17.936028,60.374836,tcp,209.222.252.209,3081,   ->,137.184.18.211,18080,FSPA_SA,0,0,86,7000,4040,44
2022/09/05 16:07:18.793088,0.216414,tcp,40.115.49.158,53038,   ->,137.184.18.211,3389,SRPA_SPA,0,0,7,468,275,4
2022/09/05 16:07:30.247912,0.172312,tcp,54.149.99.181,56838,   ->,137.184.18.211,3389,SRPAEC_SPA,0,0,7,468,275,4
2022/09/05 16:07:31.008535,0.086472,tcp,185.156.74.34,52044,   ->,137.184.18.211,6775,SR_RA,0,0,3,166,112,2
2022/09/05 16:07:31.188493,15.100505,tcp,91.198.115.182,8734,   ->,137.184.18.211,18080,FSPA_SA,0,0,21,1791,1123,11
2022/09/05 16:07:33.646525,919.218506,tcp,116.62.223.211,53234,   ->,137.184.18.211,3389,SRPAEC_SPAE,0,0,22,1539,331,5
2022/09/05 16:07:34.618859,5.126123,tcp,213.61.80.86,2048,   ->,137.184.18.211,18080,FSPA_SA,0,0,7,772,566,4
2022/09/05 16:07:40.320659,0.171073,tcp,40.115.49.158,57615,   ->,137.184.18.211,3389,SRPA_SPA,0,0,7,468,275,4
2022/09/05 16:07:46.248717,15.541325,tcp,91.198.115.183,35894,   ->,137.184.18.211,18080,FSPA_SA,0,0,21,1791,1123,11
2022/09/05 16:07:48.758756,5.154233,tcp,45.11.57.69,39544,   ->,137.184.18.211,18080,FSPA_SA,40,0,7,754,548,4
2022/09/05 16:07:55.184848,0.169330,tcp,54.149.99.181,63262,   ->,137.184.18.211,3389,SRPAEC_SPA,0,0,7,468,275,4
2022/09/05 16:07:58.794022,5.158952,tcp,72.46.131.18,41186,   ->,137.184.18.211,18080,FSPA_SA,0,0,7,754,548,4
2022/09/05 16:08:01.039295,0.093997,tcp,185.156.73.57,40704,   ->,137.184.18.211,60538,SR_RA,0,0,3,166,112,2
2022/09/05 16:08:01.742617,15.078334,tcp,91.198.115.184,15285,   ->,137.184.18.211,18080,FSPA_SA,0,0,21,1791,1123,11
2022/09/05 16:08:02.125694,0.189215,tcp,40.115.49.158,62895,   ->,137.184.18.211,3389,SRPA_SPA,0,0,7,468,275,4
2022/09/05 16:08:16.779191,15.529759,tcp,91.198.115.185,39156,   ->,137.184.18.211,18080,FSPA_SA,0,0,21,1791,1123,11
2022/09/05 16:08:18.311183,60.381783,tcp,209.222.252.209,14943,   ->,137.184.18.211,18080,FSPA_SA,0,0,69,5509,3185,35
2022/09/05 16:08:20.776704,0.202295,tcp,54.149.99.181,53315,   ->,137.184.18.211,3389,SRPAEC_SPA,0,0,7,468,275,4
2022/09/05 16:08:23.723240,0.218460,tcp,40.115.49.158,50696,   ->,137.184.18.211,3389,SRPA_SPA,0,0,7,468,275,4
2022/09/05 16:08:32.269660,15.055299,tcp,91.198.115.186,60391,   ->,137.184.18.211,18080,FSPA_SA,0,0,33,2865,1729,17
2022/09/05 16:08:37.133245,0.009646,tcp,137.184.18.211,49616,   ->,169.254.169.254,80,FSPA_FSPA,0,0,10,2112,1547,5
2022/09/05 16:08:39.373496,5.155480,tcp,63.229.31.6,52318,   ->,137.184.18.211,18080,FSPA_SA,0,0,7,754,548,4
2022/09/05 16:08:47.787869,0.171420,tcp,54.149.99.181,59742,   ->,137.184.18.211,3389,SRPAEC_SPA,0,0,7,468,275,4
2022/09/05 16:08:48.504669,0.170562,tcp,40.115.49.158,55130,   ->,137.184.18.211,3389,SRPA_SPA,0,0,7,468,275,4
2022/09/05 16:08:50.624984,0.000052,tcp,167.248.133.146,40814,   ->,137.184.18.211,9076,S_RA,0,0,2,112,58,1
2022/09/05 16:08:50.853539,0.060251,tcp,199.201.110.187,52480,   ->,137.184.18.211,43000,SR_RA,0,0,3,166,112,2
2022/09/05 16:08:53.463117,6.117839,tcp,91.121.110.58,38856,   ->,137.184.18.211,18080,FSPA_SA,0,0,11,1042,688,6
2022/09/05 16:08:57.281764,15.055217,tcp,91.198.115.187,44729,   ->,137.184.18.211,18080,FSPA_SA,0,0,21,1791,1123,11
2022/09/05 16:09:10.074686,0.198421,tcp,40.115.49.158,59662,   ->,137.184.18.211,3389,SRPA_SPA,0,0,7,468,275,4
2022/09/05 16:09:12.296471,15.324521,tcp,91.198.115.188,56440,   ->,137.184.18.211,18080,FSPA_SA,0,0,39,3891,2521,20
2022/09/05 16:09:12.455471,0.164663,tcp,54.149.99.181,49789,   ->,137.184.18.211,3389,SRPAEC_SPA,0,0,7,468,275,4
2022/09/05 16:09:18.654171,60.394779,tcp,209.222.252.209,10508,   ->,137.184.18.211,18080,FSPA_SA,0,0,63,5134,3044,32
2022/09/05 16:09:27.576884,15.555593,tcp,91.198.115.189,45941,   ->,137.184.18.211,18080,FSPA_SA,0,0,26,2157,1321,14
2022/09/05 16:09:29.886757,0.075738,tcp,185.156.73.54,45248,   ->,137.184.18.211,14459,SR_RA,0,0,3,166,112,2
2022/09/05 16:09:29.942522,0.000051,tcp,183.136.225.42,8088,   ->,137.184.18.211,23023,S_RA,0,0,2,112,58,1
2022/09/05 16:09:31.753130,0.204687,tcp,40.115.49.158,64281,   ->,137.184.18.211,3389,SRPA_SPA,0,0,7,468,275,4
2022/09/05 16:09:32.272154,0.000052,tcp,142.93.158.236,56556,   ->,137.184.18.211,8080,S_RA,0,0,2,110,56,1
2022/09/05 16:09:36.651017,0.163160,tcp,54.149.99.181,56221,   ->,137.184.18.211,3389,SRPAEC_SPA,0,0,7,468,275,4
2022/09/05 16:09:42.294969,10.307645,tcp,116.62.223.211,57217,   ->,137.184.18.211,3389,SRPAEC_SPAE,0,0,23,1687,872,11
2022/09/05 16:09:43.128672,15.164329,tcp,91.198.115.190,29250,   ->,137.184.18.211,18080,FSPA_SA,0,0,25,2055,1321,14
2022/09/05 16:09:53.647626,0.165859,tcp,40.115.49.158,52689,   ->,137.184.18.211,3389,SRPA_SPA,0,0,7,468,275,4
2022/09/05 16:09:58.250893,15.242003,tcp,91.198.115.191,2200,   ->,137.184.18.211,18080,FSPA_SA,0,0,26,2157,1321,14
2022/09/05 16:10:04.675439,0.183754,tcp,54.149.99.181,62645,   ->,137.184.18.211,3389,SRPAEC_SPA,0,0,7,468,275,4
2022/09/05 16:10:11.016398,0.082969,tcp,185.156.73.157,47193,   ->,137.184.18.211,61920,SR_RA,0,0,3,166,112,2
2022/09/05 16:10:13.492820,15.052149,tcp,91.198.115.192,45996,   ->,137.184.18.211,18080,FSPA_SA,0,0,21,1791,1123,11
2022/09/05 16:10:17.557219,0.130168,tcp,194.26.29.86,53388,   ->,137.184.18.211,33066,SR_RA,0,0,3,166,112,2
2022/09/05 16:10:18.934229,0.169305,tcp,40.115.49.158,57242,   ->,137.184.18.211,3389,SRPA_SPA,0,0,7,468,275,4
2022/09/05 16:10:19.005985,60.382969,tcp,209.222.252.209,3291,   ->,137.184.18.211,18080,FSPA_SA,0,0,69,6370,4046,35
2022/09/05 16:10:21.657608,60.375362,tcp,91.198.115.202,11623,   ->,137.184.18.211,18080,FSPA_SA,0,0,78,6179,3547,40
2022/09/05 16:10:29.222682,0.166427,tcp,54.149.99.181,52700,   ->,137.184.18.211,3389,SRPAEC_SPA,0,0,7,468,275,4
2022/09/05 16:10:37.144002,0.011433,tcp,137.184.18.211,35116,   ->,169.254.169.254,80,FSPA_FSPA,0,0,10,2098,1533,5
2022/09/05 16:10:37.448207,0.000051,tcp,185.225.73.142,25204,   ->,137.184.18.211,4939,S_RA,0,0,2,116,62,1
2022/09/05 16:10:38.505752,15.596601,tcp,91.198.115.193,20138,   ->,137.184.18.211,18080,FSPA_SA,0,0,26,2157,1321,14
2022/09/05 16:10:40.943707,0.175726,tcp,40.115.49.158,61936,   ->,137.184.18.211,3389,SRPA_SPA,0,0,7,468,275,4
2022/09/05 16:10:41.149563,0.000050,udp,130.225.39.237,57466,   ->,137.184.18.211,8840,REQ,0,,1,56,56,1
2022/09/05 16:10:41.149613,0.000000,icmp,137.184.18.211,0x0303,   ->,130.225.39.237,0x8822,URP,192,,1,70,70,1
2022/09/05 16:10:54.102748,15.062209,tcp,91.198.115.194,13738,   ->,137.184.18.211,18080,FSPA_SA,0,0,27,2247,1345,14
2022/09/05 16:10:54.156587,0.000064,tcp,147.182.142.48,43769,   ->,137.184.18.211,8080,S_RA,0,0,2,110,56,1
2022/09/05 16:10:55.772657,0.171657,tcp,54.149.99.181,59122,   ->,137.184.18.211,3389,SRPAEC_SPA,0,0,7,468,275,4
2022/09/05 16:10:56.488557,0.076182,tcp,92.63.197.154,47020,   ->,137.184.18.211,25688,SR_RA,0,0,3,166,112,2
2022/09/05 16:11:00.352441,5.268572,tcp,123.59.135.231,59442,   ->,137.184.18.211,18080,FSPAEC_SA,0,0,7,682,508,4
2022/09/05 16:11:02.351726,0.207526,tcp,40.115.49.158,49508,   ->,137.184.18.211,3389,SRPA_SPA,0,0,7,468,275,4
2022/09/05 16:11:04.599790,0.156027,tcp,92.63.197.158,47085,   ->,137.184.18.211,61195,SR_RA,0,0,3,166,112,2
2022/09/05 16:11:05.111594,0.086175,tcp,92.63.197.131,58801,   ->,137.184.18.211,30779,SR_RA,0,0,3,166,112,2
2022/09/05 16:11:09.125148,15.451827,tcp,91.198.115.195,25276,   ->,137.184.18.211,18080,FSPA_SA,0,0,33,2784,1648,17
2022/09/05 16:11:16.301496,0.117462,tcp,91.240.118.221,53127,   ->,137.184.18.211,5608,SR_RA,0,0,3,166,112,2
2022/09/05 16:11:19.346161,60.362820,tcp,209.222.252.209,65234,   ->,137.184.18.211,18080,FSPA_SA,0,0,72,5869,3545,38
2022/09/05 16:11:21.017747,0.172900,tcp,54.149.99.181,49171,   ->,137.184.18.211,3389,SRPAEC_SPA,0,0,7,468,275,4
2022/09/05 16:11:21.990410,60.238586,tcp,91.198.115.202,54269,   ->,137.184.18.211,18080,FSPA_SA,0,0,63,5053,2963,32
2022/09/05 16:11:24.495659,0.187756,tcp,40.115.49.158,54682,   ->,137.184.18.211,3389,SRPA_SPA,0,0,7,468,275,4
2022/09/05 16:11:24.534235,15.098733,tcp,91.198.115.196,39063,   ->,137.184.18.211,18080,FSPA_SA,0,0,30,2445,1543,17
2022/09/05 16:11:32.597462,0.000000,udp,fe80::4ee:32ff:fed6:451a,5353,   ->,ff02::fb,5353,REQ,106,,1,107,107,1
2022/09/05 16:11:32.597504,0.000000,udp,10.10.0.5,5353,   ->,224.0.0.251,5353,REQ,0,,1,87,87,1
2022/09/05 16:11:39.592821,15.472177,tcp,91.198.115.197,15038,   ->,137.184.18.211,18080,FSPA_SA,0,0,21,1791,1123,11
2022/09/05 16:11:40.406581,0.000052,tcp,192.241.196.215,43022,   ->,137.184.18.211,80,S_RA,0,0,2,110,56,1
2022/09/05 16:11:43.056988,0.090341,tcp,5.8.18.8,53417,   ->,137.184.18.211,33351,SR_RA,0,0,3,166,112,2
2022/09/05 16:11:44.874934,37.462067,tcp,116.62.223.211,61246,   ->,137.184.18.211,3389,SEC_SAE,0,0,11,726,198,3
2022/09/05 16:11:45.643443,0.178059,tcp,54.149.99.181,55601,   ->,137.184.18.211,3389,SRPAEC_SPA,0,0,7,468,275,4
2022/09/05 16:11:49.014002,0.166512,tcp,40.115.49.158,59327,   ->,137.184.18.211,3389,SRPA_SPA,0,0,7,468,275,4
2022/09/05 16:11:51.976992,0.000048,tcp,185.225.73.142,87,   ->,137.184.18.211,220,S_RA,0,0,2,116,62,1
2022/09/05 16:11:52.946392,0.000052,tcp,172.105.128.65,61000,   ->,137.184.18.211,995,S_RA,0,0,2,110,56,1
2022/09/05 16:11:53.515542,0.000051,tcp,14.39.137.23,27866,   ->,137.184.18.211,23,S_RA,0,0,2,112,58,1
2022/09/05 16:11:53.595204,0.081240,tcp,92.63.197.154,47020,   ->,137.184.18.211,15356,SR_RA,0,0,3,166,112,2
2022/09/05 16:11:55.021978,15.202978,tcp,91.198.115.198,12940,   ->,137.184.18.211,18080,FSPA_SA,0,0,21,1791,1123,11
2022/09/05 16:12:08.660342,5.204623,tcp,3.114.6.165,53742,   ->,137.184.18.211,18080,FSPA_SA,0,0,7,754,548,4
2022/09/05 16:12:09.615193,0.084666,tcp,185.156.73.167,47219,   ->,137.184.18.211,52662,SR_RA,0,0,3,166,112,2
2022/09/05 16:12:11.110424,0.172247,tcp,40.115.49.158,63942,   ->,137.184.18.211,3389,SRPA_SPA,0,0,7,468,275,4
2022/09/05 16:12:12.531072,0.167522,tcp,54.149.99.181,62027,   ->,137.184.18.211,3389,SRPAEC_SPA,0,0,7,468,275,4
2022/09/05 16:12:12.957438,5.127544,tcp,83.77.119.212,53130,   ->,137.184.18.211,18080,FSPA_SA,0,0,7,754,548,4
2022/09/05 16:12:14.294864,0.083278,tcp,5.188.87.3,41829,   ->,137.184.18.211,14381,SR_RA,0,0,3,166,112,2
2022/09/05 16:12:20.181748,15.403240,tcp,91.198.115.199,43078,   ->,137.184.18.211,18080,FSPA_SA,0,0,21,1791,1123,11
2022/09/05 16:12:22.188280,60.160683,tcp,91.198.115.202,65418,   ->,137.184.18.211,18080,FSPA_SA,0,0,69,5671,3347,35
2022/09/05 16:12:28.005628,0.000049,tcp,90.154.15.226,44134,   ->,137.184.18.211,443,S_RA,0,0,2,128,74,1
2022/09/05 16:12:32.197596,0.168840,tcp,40.115.49.158,52057,   ->,137.184.18.211,3389,SRPA_SPA,0,0,7,468,275,4
2022/09/05 16:12:35.543655,15.101310,tcp,91.198.115.200,49131,   ->,137.184.18.211,18080,FSPA_SA,0,0,28,2269,1461,16
2022/09/05 16:12:37.153154,0.007569,tcp,137.184.18.211,36018,   ->,169.254.169.254,80,FSPA_FSPA,0,0,10,2095,1530,5
2022/09/05 16:12:37.630026,0.171420,tcp,54.149.99.181,52081,   ->,137.184.18.211,3389,SRPAEC_SPA,0,0,7,468,275,4
2022/09/05 16:12:50.601259,15.275702,tcp,91.198.115.201,35875,   ->,137.184.18.211,18080,FSPA_SA,0,0,22,1857,1123,11
2022/09/05 16:12:53.173697,0.000054,tcp,172.104.29.220,61000,   ->,137.184.18.211,563,S_RA,0,0,2,110,56,1
2022/09/05 16:12:53.814993,0.178196,tcp,40.115.49.158,56638,   ->,137.184.18.211,3389,SRPA_SPA,0,0,7,468,275,4
2022/09/05 16:12:58.836796,0.110045,tcp,91.240.118.224,53165,   ->,137.184.18.211,2016,SR_RA,0,0,3,166,112,2
2022/09/05 16:12:59.880098,0.108189,tcp,176.111.174.83,41934,   ->,137.184.18.211,3999,SR_RA,0,0,3,166,112,2
2022/09/05 16:12:59.940978,0.000051,tcp,118.194.250.197,43647,   ->,137.184.18.211,42942,S_RA,0,0,2,128,74,1
2022/09/05 16:13:03.579850,0.178803,tcp,54.149.99.181,58503,   ->,137.184.18.211,3389,SRPAEC_SPA,0,0,7,468,275,4
2022/09/05 16:13:05.833412,15.466600,tcp,91.198.115.202,55356,   ->,137.184.18.211,18080,FSPA_SA,0,0,26,2157,1321,14
2022/09/05 16:13:09.761535,0.107156,tcp,79.124.62.130,46826,   ->,137.184.18.211,11586,SR_RA,0,0,3,166,112,2
2022/09/05 16:13:18.114902,0.081832,tcp,208.67.106.138,51291,   ->,137.184.18.211,314,SR_RA,0,0,3,170,116,2
2022/09/05 16:13:19.006669,0.176792,tcp,40.115.49.158,61489,   ->,137.184.18.211,3389,SRPA_SPA,0,0,7,468,275,4
2022/09/05 16:13:21.300546,15.300458,tcp,91.198.115.203,40944,   ->,137.184.18.211,18080,FSPA_SA,0,0,33,2703,1567,17
2022/09/05 16:13:22.303000,60.061981,tcp,91.198.115.202,9597,   ->,137.184.18.211,18080,FSPA_SA,0,0,69,5590,3266,35
2022/09/05 16:13:28.977736,5.215239,tcp,52.195.11.169,46616,   ->,137.184.18.211,18080,FSPA_SA,0,0,7,754,548,4
2022/09/05 16:13:32.577569,0.192627,tcp,54.149.99.181,64929,   ->,137.184.18.211,3389,SRPAEC_SPA,0,0,7,468,275,4
2022/09/05 16:13:34.314111,0.261799,tcp,116.62.223.211,65219,   ->,137.184.18.211,3389,SRPAEC_SRAE,0,0,8,505,331,5
2022/09/05 16:13:36.271978,0.003528,tcp,45.93.16.71,53036,   ->,137.184.18.211,5038,SR_RA,0,0,3,166,112,2
2022/09/05 16:13:36.556969,15.056020,tcp,91.198.115.204,6940,   ->,137.184.18.211,18080,FSPA_SA,0,0,31,2592,1624,17
2022/09/05 16:13:38.861984,0.000051,tcp,144.126.212.185,40554,   ->,137.184.18.211,8080,S_RA,0,0,2,110,56,1
2022/09/05 16:13:40.806625,0.000053,tcp,139.144.135.77,61000,   ->,137.184.18.211,8443,S_RA,0,0,2,110,56,1
2022/09/05 16:13:40.939377,0.369825,tcp,40.115.49.158,49786,   ->,137.184.18.211,3389,SRPA_SPA,0,0,7,468,275,4
2022/09/05 16:13:56.182982,5.066013,tcp,73.196.100.170,54630,   ->,137.184.18.211,18080,FSPA_SA,0,0,7,682,508,4
2022/09/05 16:13:59.178392,0.172298,tcp,54.149.99.181,54983,   ->,137.184.18.211,3389,SRPAEC_SPA,0,0,7,468,275,4
2022/09/05 16:14:01.570130,15.114840,tcp,91.198.115.205,51353,   ->,137.184.18.211,18080,FSPA_SA,0,0,27,2328,1426,14
2022/09/05 16:14:02.485746,0.223840,tcp,40.115.49.158,54192,   ->,137.184.18.211,3389,SRPA_SPA,0,0,7,468,275,4
2022/09/05 16:14:03.562778,0.000045,tcp,162.142.125.85,34830,   ->,137.184.18.211,64683,S_RA,0,0,2,112,58,1
2022/09/05 16:14:12.004566,0.000052,tcp,139.144.135.68,61000,   ->,137.184.18.211,994,S_RA,0,0,2,110,56,1
2022/09/05 16:14:14.140700,7.200475,tcp,168.100.10.60,37856,   ->,137.184.18.211,443,S_RA,0,0,8,512,296,4
2022/09/05 16:14:16.641920,15.307058,tcp,91.198.115.206,29198,   ->,137.184.18.211,18080,FSPA_SA,0,0,33,2784,1648,17
2022/09/05 16:14:19.155114,0.084857,tcp,185.156.73.107,52462,   ->,137.184.18.211,32124,SR_RA,0,0,3,166,112,2
2022/09/05 16:14:19.570148,125.251144,tcp,46.26.71.248,51835,   ->,137.184.18.211,18080,FSRPAEC_SA,0,0,8,738,564,5
2022/09/05 16:14:22.320684,60.464321,tcp,91.198.115.202,8083,   ->,137.184.18.211,18080,FSPA_SA,0,0,70,5575,3185,35
2022/09/05 16:14:23.407829,0.000059,tcp,167.94.146.70,23209,   ->,137.184.18.211,81,S_RA,0,0,2,112,58,1
2022/09/05 16:14:24.515333,0.208771,tcp,40.115.49.158,59137,   ->,137.184.18.211,3389,SRPA_SPA,0,0,7,468,275,4
2022/09/05 16:14:27.350953,0.000057,tcp,162.142.125.241,63437,   ->,137.184.18.211,8402,S_RA,0,0,2,112,58,1
2022/09/05 16:14:28.375558,0.166306,tcp,54.149.99.181,61406,   ->,137.184.18.211,3389,SRPAEC_SPA,0,0,7,468,275,4
2022/09/05 16:14:31.905949,15.111019,tcp,91.198.115.207,28200,   ->,137.184.18.211,18080,FSPA_SA,0,0,21,1791,1123,11
2022/09/05 16:14:37.168691,0.006888,tcp,137.184.18.211,53804,   ->,169.254.169.254,80,FSPA_FSPA,0,0,10,2109,1544,5
2022/09/05 16:14:44.952317,0.000052,tcp,193.163.125.51,41293,   ->,137.184.18.211,1129,S_RA,0,0,2,112,58,1
2022/09/05 16:14:46.974319,15.054692,tcp,91.198.115.208,29362,   ->,137.184.18.211,18080,FSPA_SA,0,0,27,2247,1345,14
2022/09/05 16:14:49.203290,0.180571,tcp,40.115.49.158,63721,   ->,137.184.18.211,3389,SRPA_SPA,0,0,7,468,275,4
2022/09/05 16:14:49.414441,0.000053,tcp,123.160.221.7,46734,   ->,137.184.18.211,6021,S_RA,0,0,2,120,66,1
2022/09/05 16:14:53.887839,0.168692,tcp,54.149.99.181,51454,   ->,137.184.18.211,3389,SRPAEC_SPA,0,0,7,468,275,4
2022/09/05 16:15:01.987241,15.249717,tcp,91.198.115.209,42621,   ->,137.184.18.211,18080,FSPA_SA,0,0,21,1791,1123,11
2022/09/05 16:15:06.209016,125.196854,tcp,185.159.157.21,47574,   ->,137.184.18.211,18080,FSRPA_SA,0,0,12,1102,764,7
2022/09/05 16:15:10.950108,0.166203,tcp,40.115.49.158,52412,   ->,137.184.18.211,3389,SRPA_SPA,0,0,7,468,275,4
2022/09/05 16:15:17.190187,15.054767,tcp,91.198.115.210,63262,   ->,137.184.18.211,18080,FSPA_SA,0,0,30,2526,1624,17
2022/09/05 16:15:17.234570,0.111794,tcp,176.111.174.128,48236,   ->,137.184.18.211,13389,SR_RA,0,0,3,166,112,2
2022/09/05 16:15:17.964388,0.164574,tcp,54.149.99.181,57883,   ->,137.184.18.211,3389,SRPAEC_SPA,0,0,7,468,275,4
2022/09/05 16:15:22.744447,60.193256,tcp,91.198.115.202,44488,   ->,137.184.18.211,18080,FSPA_SA,0,0,86,6868,3908,44
2022/09/05 16:15:28.257397,0.117039,tcp,91.191.209.178,53120,   ->,137.184.18.211,52717,SR_RA,0,0,3,166,112,2
2022/09/05 16:15:32.714319,0.166895,tcp,40.115.49.158,57019,   ->,137.184.18.211,3389,SRPA_SPA,0,0,7,468,275,4
2022/09/05 16:15:36.482387,5.242605,tcp,114.34.166.154,61781,   ->,137.184.18.211,18080,FSPA_SA,0,0,7,682,508,4
2022/09/05 16:15:39.397335,0.110109,tcp,79.124.62.78,46825,   ->,137.184.18.211,17287,SR_RA,0,0,3,166,112,2
2022/09/05 16:15:40.499417,0.000056,tcp,114.218.106.46,42643,   ->,137.184.18.211,2323,S_RA,0,0,2,110,56,1
2022/09/05 16:15:42.202334,15.358646,tcp,91.198.115.211,35387,   ->,137.184.18.211,18080,FSPA_SA,0,0,33,2784,1648,17
2022/09/05 16:15:45.214389,0.177779,tcp,54.149.99.181,64308,   ->,137.184.18.211,3389,SRPAEC_SPA,0,0,7,468,275,4
2022/09/05 16:15:49.062837,0.080300,tcp,92.63.197.133,52039,   ->,137.184.18.211,31463,SR_RA,0,0,3,166,112,2
2022/09/05 16:15:49.291435,0.108751,tcp,79.124.62.86,46824,   ->,137.184.18.211,18338,SR_RA,0,0,3,166,112,2
2022/09/05 16:15:53.190445,1464.603760,tcp,137.184.18.211,18080,  <?>,162.218.65.2,2602,PA_A,0,0,1148,88109,50225,574
2022/09/05 16:15:54.085331,1467.640015,tcp,162.243.190.66,56640,  <?>,137.184.18.211,902,A_PA,16,0,205,13882,6600,100
2022/09/05 16:15:57.023254,0.170464,tcp,40.115.49.158,61545,   ->,137.184.18.211,3389,SRPA_SPA,0,0,7,468,275,4
2022/09/05 16:15:57.519500,15.269445,tcp,91.198.115.212,53025,   ->,137.184.18.211,18080,FSPA_SA,0,0,21,1791,1123,11
2022/09/05 16:15:57.531639,1464.007935,tcp,198.211.111.194,21385,  <?>,137.184.18.211,902,PA_PA,0,16,5715,560082,188800,2858
2022/09/05 16:15:59.154374,0.000056,tcp,175.214.94.120,50463,   ->,137.184.18.211,23,S_RA,0,0,2,110,56,1
2022/09/05 16:16:02.431356,1453.881836,tcp,162.243.190.66,34441,  <?>,137.184.18.211,902,PA_PA,0,16,408,53072,13900,206
2022/09/05 16:16:09.312678,1447.675049,tcp,162.243.190.66,58794,  <?>,137.184.18.211,902,PA_A,0,16,195,12950,6548,98
2022/09/05 16:16:11.966096,0.168434,tcp,54.149.99.181,54362,   ->,137.184.18.211,3389,SRPAEC_SPA,0,0,7,468,275,4
2022/09/05 16:16:13.551931,15.399460,tcp,91.198.115.213,29089,   ->,137.184.18.211,18080,FSPA_SA,0,0,38,3882,2578,20
2022/09/05 16:16:19.542001,0.181281,tcp,40.115.49.158,49681,   ->,137.184.18.211,3389,SRPA_SPA,0,0,7,468,275,4
2022/09/05 16:16:21.870646,0.111598,tcp,79.124.62.82,46823,   ->,137.184.18.211,62264,SR_RA,0,0,3,166,112,2
2022/09/05 16:16:22.937400,60.447582,tcp,91.198.115.202,25276,   ->,137.184.18.211,18080,FSPA_SA,0,0,67,5441,3219,34
2022/09/05 16:16:25.932821,0.000061,tcp,192.241.219.8,37467,   ->,137.184.18.211,8009,S_RA,0,0,2,110,56,1
2022/09/05 16:16:27.208008,5.356956,tcp,202.43.145.140,46468,   ->,137.184.18.211,18080,FSPA_SA,0,0,7,754,548,4
2022/09/05 16:16:28.951251,15.453760,tcp,91.198.115.214,51670,   ->,137.184.18.211,18080,FSPA_SA,0,0,21,1791,1123,11
2022/09/05 16:16:36.910673,0.182472,tcp,54.149.99.181,60792,   ->,137.184.18.211,3389,SRPAEC_SPA,0,0,7,468,275,4
2022/09/05 16:16:37.178622,0.006579,tcp,137.184.18.211,37442,   ->,169.254.169.254,80,FSPA_FSPA,0,0,10,2085,1520,5
2022/09/05 16:16:37.884612,0.000045,tcp,195.230.103.243,51552,   ->,137.184.18.211,646,S_RA,0,0,2,110,56,1
2022/09/05 16:16:39.163220,1417.210083,tcp,137.184.18.211,53162,   ->,51.89.217.80,9999,FPA_FPA,0,0,251,41176,21778,143
2022/09/05 16:16:40.565609,0.187658,tcp,40.115.49.158,53815,   ->,137.184.18.211,3389,SRPA_SPA,0,0,7,468,275,4
2022/09/05 16:16:44.363172,15.610936,tcp,91.198.115.215,7790,   ->,137.184.18.211,18080,FSPA_SA,0,0,21,1791,1123,11
2022/09/05 16:16:51.274571,0.000052,tcp,65.49.20.71,48378,   ->,137.184.18.211,8888,S_RA,0,0,2,110,56,1
2022/09/05 16:16:51.576152,0.107603,tcp,79.124.62.130,46826,   ->,137.184.18.211,1282,SR_RA,0,0,3,166,112,2
2022/09/05 16:16:56.364109,0.000053,tcp,209.126.136.3,52036,   ->,137.184.18.211,443,S_RA,0,0,2,112,58,1
2022/09/05 16:16:59.926444,15.178793,tcp,91.198.115.216,59955,   ->,137.184.18.211,18080,FSPA_SA,0,0,27,2223,1321,14
2022/09/05 16:17:01.006911,0.182772,tcp,54.149.99.181,50837,   ->,137.184.18.211,3389,SRPAEC_SPA,0,0,7,468,275,4
2022/09/05 16:17:02.765367,0.170627,tcp,40.115.49.158,59119,   ->,137.184.18.211,3389,SRPA_SPA,0,0,7,468,275,4
2022/09/05 16:17:23.342706,60.378277,tcp,91.198.115.202,29247,   ->,137.184.18.211,18080,FSPA_SA,0,0,65,5309,3153,33
2022/09/05 16:17:24.709977,0.241303,tcp,40.115.49.158,63324,   ->,137.184.18.211,3389,SRPA_SPA,0,0,7,468,275,4
2022/09/05 16:17:25.107895,15.448184,tcp,91.198.115.217,58829,   ->,137.184.18.211,18080,FSPA_SA,0,0,21,1791,1123,11
2022/09/05 16:17:28.028259,0.168934,tcp,54.149.99.181,57265,   ->,137.184.18.211,3389,SRPAEC_SPA,0,0,7,468,275,4
2022/09/05 16:17:40.307161,15.529798,tcp,91.198.115.218,65304,   ->,137.184.18.211,18080,FSPA_SA,0,0,21,1791,1123,11
2022/09/05 16:17:40.624286,0.279295,tcp,116.62.223.211,57128,   ->,137.184.18.211,3389,SRPAEC_SRAE,0,0,8,505,331,5
2022/09/05 16:17:47.807570,0.000052,tcp,185.167.96.217,38867,   ->,137.184.18.211,22,S_RA,0,0,2,110,56,1
2022/09/05 16:17:48.176840,0.000052,tcp,198.98.61.9,37757,   ->,137.184.18.211,22,S_RA,0,0,2,110,56,1
2022/09/05 16:17:49.578784,0.170527,tcp,40.115.49.158,52100,   ->,137.184.18.211,3389,SRPA_SPA,0,0,7,468,275,4
2022/09/05 16:17:51.924869,0.183383,tcp,54.149.99.181,63688,   ->,137.184.18.211,3389,SRPAEC_SPA,0,0,7,468,275,4
2022/09/05 16:17:55.795955,15.553012,tcp,91.198.115.219,62501,   ->,137.184.18.211,18080,FSPA_SA,0,0,21,1791,1123,11
2022/09/05 16:17:57.666059,0.000051,tcp,141.98.6.110,50191,   ->,137.184.18.211,5555,S_RA,0,0,2,110,56,1
2022/09/05 16:18:07.136957,0.113869,tcp,62.204.41.168,42233,   ->,137.184.18.211,5502,SR_RA,0,0,3,166,112,2
2022/09/05 16:18:11.149056,0.169825,tcp,40.115.49.158,56344,   ->,137.184.18.211,3389,SRPA_SPA,0,0,7,468,275,4
2022/09/05 16:18:11.305444,15.399550,tcp,91.198.115.220,49369,   ->,137.184.18.211,18080,FSPA_SA,0,0,25,2055,1321,14
2022/09/05 16:18:11.836370,0.000052,tcp,149.102.155.170,54635,   ->,137.184.18.211,443,S_RA,0,0,2,110,56,1
2022/09/05 16:18:14.112531,0.117085,tcp,5.188.206.66,57941,   ->,137.184.18.211,8067,SR_RA,0,0,3,166,112,2
2022/09/05 16:18:17.964275,0.178872,tcp,54.149.99.181,53743,   ->,137.184.18.211,3389,SRPAEC_SPA,0,0,7,468,275,4
2022/09/05 16:18:20.052206,0.083327,tcp,89.248.165.73,41960,   ->,137.184.18.211,3333,SR_RA,0,0,3,166,112,2
2022/09/05 16:18:21.462583,0.000024,tcp,2.57.122.225,58596,   ->,137.184.18.211,40544,S_RA,0,0,2,110,56,1
2022/09/05 16:18:23.680139,60.500839,tcp,91.198.115.202,51265,   ->,137.184.18.211,18080,FSPA_SA,0,0,89,7214,4122,45
2022/09/05 16:18:25.175536,60.513454,tcp,162.218.65.221,8749,   ->,137.184.18.211,18080,FSPA_SA,0,0,59,4772,2850,30
2022/09/05 16:18:26.663947,15.245022,tcp,91.198.115.221,32686,   ->,137.184.18.211,18080,FSPA_SA,0,0,21,1791,1123,11
2022/09/05 16:18:32.706915,0.172115,tcp,40.115.49.158,60879,   ->,137.184.18.211,3389,SRPA_SPA,0,0,7,468,275,4
2022/09/05 16:18:37.196774,0.006987,tcp,137.184.18.211,37548,   ->,169.254.169.254,80,FSPA_FSPA,0,0,10,2084,1519,5
2022/09/05 16:18:37.824147,0.861063,tcp,45.95.147.208,58244,   ->,137.184.18.211,19328,SR_RA,0,0,3,166,112,2
2022/09/05 16:18:41.867484,15.393489,tcp,91.198.115.222,46299,   ->,137.184.18.211,18080,FSPA_SA,0,0,30,2445,1543,17
2022/09/05 16:18:43.385495,0.165802,tcp,54.149.99.181,60166,   ->,137.184.18.211,3389,SRPAEC_SPA,0,0,7,468,275,4
2022/09/05 16:18:44.123369,0.000057,udp,202.139.198.178,35481,   ->,137.184.18.211,1027,REQ,0,,1,141,141,1
2022/09/05 16:18:44.123426,0.000000,icmp,137.184.18.211,0x0303,   ->,202.139.198.178,0x0304,URP,192,,1,169,169,1
2022/09/05 16:18:54.548811,0.181537,tcp,40.115.49.158,65454,   ->,137.184.18.211,3389,SRPA_SPA,0,0,7,468,275,4
2022/09/05 16:18:54.647529,0.167911,tcp,185.156.73.155,47205,   ->,137.184.18.211,1185,SR_RA,0,0,3,166,112,2
2022/09/05 16:18:57.164697,0.151293,tcp,91.191.209.14,47966,   ->,137.184.18.211,5822,SR_RA,0,0,3,166,112,2
2022/09/05 16:19:02.170301,0.130413,tcp,79.124.62.86,46824,   ->,137.184.18.211,57574,SR_RA,0,0,3,166,112,2
2022/09/05 16:19:07.217124,15.475837,tcp,91.198.115.223,62677,   ->,137.184.18.211,18080,FSPA_SA,0,0,24,1989,1321,14
2022/09/05 16:19:09.282769,0.169503,tcp,54.149.99.181,50216,   ->,137.184.18.211,3389,SRPAEC_SPA,0,0,7,468,275,4
2022/09/05 16:19:16.626730,0.601923,tcp,80.18.19.12,60036,   ->,137.184.18.211,445,S_RA,0,0,4,240,132,2
2022/09/05 16:19:18.426045,0.205087,tcp,40.115.49.158,53333,   ->,137.184.18.211,3389,SRPA_SPA,0,0,7,468,275,4
2022/09/05 16:19:22.651844,15.837107,tcp,91.198.115.224,17605,   ->,137.184.18.211,18080,FSPA_SA,0,0,33,2703,1567,17
2022/09/05 16:19:24.138046,60.522911,tcp,91.198.115.202,28194,   ->,137.184.18.211,18080,FSPA_SA,0,0,63,5134,3044,32
2022/09/05 16:19:25.640313,60.520645,tcp,162.218.65.221,12861,   ->,137.184.18.211,18080,FSPA_SA,0,0,57,4597,2741,29
2022/09/05 16:19:25.811210,0.000054,tcp,94.102.61.6,45821,   ->,137.184.18.211,9993,S_RA,0,0,2,112,58,1
2022/09/05 16:19:29.713236,0.167721,tcp,185.156.73.131,57425,   ->,137.184.18.211,3337,SR_RA,0,0,3,166,112,2
2022/09/05 16:19:33.367387,0.573910,tcp,54.149.99.181,56644,   ->,137.184.18.211,3389,SRPAEC_SPA,0,0,7,468,275,4
2022/09/05 16:19:36.036151,0.000054,udp,185.94.111.1,45346,   ->,137.184.18.211,27015,REQ,0,,1,67,67,1
2022/09/05 16:19:36.036205,0.000000,icmp,137.184.18.211,0x0303,   ->,185.94.111.1,0x8769,URP,192,,1,95,95,1
2022/09/05 16:19:38.445334,15.055621,tcp,91.198.115.225,24335,   ->,137.184.18.211,18080,FSPA_SA,0,0,24,2005,1263,13
2022/09/05 16:19:42.583018,0.000051,tcp,1.69.3.69,33668,   ->,137.184.18.211,23,S_RA,0,0,2,110,56,1
2022/09/05 16:19:42.881899,0.400182,tcp,40.115.49.158,57674,   ->,137.184.18.211,3389,SRPA_SPA,0,0,7,468,275,4
2022/09/05 16:19:44.277383,0.113783,tcp,176.111.174.88,42007,   ->,137.184.18.211,4409,SR_RA,0,0,3,166,112,2
2022/09/05 16:19:44.360587,5.112398,tcp,108.248.121.120,56344,   ->,137.184.18.211,18080,FSPA_SA,0,0,7,754,548,4
2022/09/05 16:19:48.738162,5.210822,tcp,95.168.216.7,20910,   ->,137.184.18.211,18080,FSPA_SA,0,0,7,754,548,4
2022/09/05 16:19:51.240686,1.748774,tcp,116.62.223.211,61161,   ->,137.184.18.211,3389,SRPAEC_SRAE,0,0,12,807,525,7
2022/09/05 16:19:53.458643,15.346312,tcp,91.198.115.226,18326,   ->,137.184.18.211,18080,FSPA_SA,0,0,21,1791,1123,11
2022/09/05 16:19:59.557446,0.173842,tcp,54.149.99.181,63068,   ->,137.184.18.211,3389,SRPAEC_SPA,0,0,7,468,275,4
2022/09/05 16:20:05.025174,0.165581,tcp,40.115.49.158,62303,   ->,137.184.18.211,3389,SRPA_SPA,0,0,7,468,275,4
2022/09/05 16:20:08.764596,15.404359,tcp,91.198.115.227,21258,   ->,137.184.18.211,18080,FSPA_SA,0,0,21,1791,1123,11
2022/09/05 16:20:12.312091,0.000000,udp,207.213.190.202,14863,   ->,98.247.52.74,20819,REQ,0,,1,592,592,1
2022/09/05 16:20:12.312148,0.000000,icmp,137.184.18.211,0x0203,   ->,124.6.2.237,0x2f00,URO,192,,1,590,590,1
2022/09/05 16:20:14.400392,0.107344,tcp,79.124.62.86,46824,   ->,137.184.18.211,19624,SR_RA,0,0,3,166,112,2
2022/09/05 16:20:15.359465,0.110871,tcp,79.124.62.82,46823,   ->,137.184.18.211,18581,SR_RA,0,0,3,166,112,2
2022/09/05 16:20:21.647757,0.057091,tcp,208.100.26.241,44787,   ->,137.184.18.211,995,SR_RA,0,0,3,166,112,2
2022/09/05 16:20:24.125260,15.327718,tcp,91.198.115.228,48346,   ->,137.184.18.211,18080,FSPA_SA,0,0,33,2679,1543,17
2022/09/05 16:20:24.427039,0.164377,tcp,54.149.99.181,53122,   ->,137.184.18.211,3389,SRPAEC_SPA,0,0,7,468,275,4
2022/09/05 16:20:26.119884,60.173069,tcp,162.218.65.221,29192,   ->,137.184.18.211,18080,FSPA_SA,0,0,57,4597,2741,29
2022/09/05 16:20:27.159793,0.164740,tcp,40.115.49.158,50392,   ->,137.184.18.211,3389,SRPA_SPA,0,0,7,468,275,4
2022/09/05 16:20:28.523123,0.178156,tcp,198.235.24.39,53778,   ->,137.184.18.211,3389,SR_SA,96,0,3,172,114,2
2022/09/05 16:20:28.996713,0.000052,tcp,167.94.138.110,58903,   ->,137.184.18.211,2078,S_RA,0,0,2,112,58,1
2022/09/05 16:20:32.219993,0.116951,tcp,176.111.174.91,42085,   ->,137.184.18.211,4471,SR_RA,0,0,3,166,112,2
2022/09/05 16:20:37.205877,0.019826,tcp,137.184.18.211,44848,   ->,169.254.169.254,80,FSPA_FSPA,0,0,10,2122,1557,5
2022/09/05 16:20:37.407777,0.000051,tcp,167.99.198.146,32767,   ->,137.184.18.211,8545,S_RA,0,0,2,110,56,1
2022/09/05 16:20:42.652261,0.116679,tcp,176.111.174.110,42187,   ->,137.184.18.211,5370,SR_RA,0,0,3,166,112,2
2022/09/05 16:20:42.924454,0.084331,tcp,185.156.73.163,47233,   ->,137.184.18.211,33482,SR_RA,0,0,3,166,112,2
2022/09/05 16:20:45.821030,0.000053,udp,94.102.61.31,35655,   ->,137.184.18.211,27015,REQ,0,,1,67,67,1
2022/09/05 16:20:45.821083,0.000000,icmp,137.184.18.211,0x0303,   ->,94.102.61.31,0x8769,URP,192,,1,95,95,1
2022/09/05 16:20:48.995015,0.166724,tcp,54.149.99.181,59548,   ->,137.184.18.211,3389,SRPAEC_SPA,0,0,7,468,275,4
2022/09/05 16:20:49.276602,0.176874,tcp,40.115.49.158,55203,   ->,137.184.18.211,3389,SRPA_SPA,0,0,7,468,275,4
2022/09/05 16:20:49.452573,15.124381,tcp,91.198.115.229,39749,   ->,137.184.18.211,18080,FSPA_SA,0,0,33,3435,2299,17
2022/09/05 16:20:57.495280,0.000053,tcp,167.248.133.146,56299,   ->,137.184.18.211,1967,S_RA,0,0,2,112,58,1
2022/09/05 16:20:59.395143,0.000048,tcp,167.94.146.21,52804,   ->,137.184.18.211,24583,S_RA,0,0,2,112,58,1
2022/09/05 16:21:04.536571,15.056392,tcp,91.198.115.230,31403,   ->,137.184.18.211,18080,FSPA_SA,0,0,21,1791,1123,11
2022/09/05 16:21:06.798749,0.114236,tcp,171.22.30.156,54503,   ->,137.184.18.211,4200,SR_RA,0,0,3,166,112,2
2022/09/05 16:21:07.783393,0.008860,tcp,45.93.16.71,53036,   ->,137.184.18.211,50802,SR_RA,0,0,3,166,112,2
2022/09/05 16:21:13.968743,0.187404,tcp,40.115.49.158,59909,   ->,137.184.18.211,3389,SRPA_SPA,0,0,7,468,275,4
2022/09/05 16:21:17.539652,0.219203,tcp,54.149.99.181,49596,   ->,137.184.18.211,3389,SRPAEC_SPA,0,0,7,468,275,4
2022/09/05 16:21:19.549189,15.279761,tcp,91.198.115.231,44312,   ->,137.184.18.211,18080,FSPA_SA,0,0,27,2328,1426,14
2022/09/05 16:21:26.245766,60.211185,tcp,162.218.65.221,28336,   ->,137.184.18.211,18080,FSPA_SA,0,0,59,4772,2850,30
2022/09/05 16:21:26.325525,0.011420,tcp,162.218.65.219,20006,   ->,137.184.18.211,18080,FSA_SA,0,0,5,346,206,3
2022/09/05 16:21:26.337572,0.000040,tcp,162.218.65.219,19660,   ->,137.184.18.211,18081,S_RA,0,0,2,128,74,1
2022/09/05 16:21:32.040309,5.048651,tcp,54.82.145.37,40260,   ->,137.184.18.211,18080,FSPA_SA,0,0,7,772,566,4
2022/09/05 16:21:34.789589,15.139381,tcp,91.198.115.232,10413,   ->,137.184.18.211,18080,FSPA_SA,0,0,27,2979,2077,14
2022/09/05 16:21:35.854500,0.176664,tcp,40.115.49.158,64813,   ->,137.184.18.211,3389,SRPA_SPA,0,0,7,468,275,4
2022/09/05 16:21:44.067237,0.166870,tcp,54.149.99.181,56027,   ->,137.184.18.211,3389,SRPAEC_SPA,0,0,7,468,275,4
2022/09/05 16:21:49.884738,15.056263,tcp,91.198.115.233,52928,   ->,137.184.18.211,18080,FSPA_SA,0,0,31,2547,1571,17
2022/09/05 16:21:53.961539,1.233074,tcp,91.240.118.222,42912,   ->,137.184.18.211,22,SEC_RA,0,0,6,356,194,3
2022/09/05 16:21:57.371826,0.176241,tcp,40.115.49.158,53140,   ->,137.184.18.211,3389,SRPA_SPA,0,0,7,468,275,4
2022/09/05 16:21:58.559725,0.304047,tcp,116.62.223.211,65142,   ->,137.184.18.211,3389,SRPAEC_SRAE,0,0,8,505,331,5
2022/09/05 16:22:04.897025,15.107969,tcp,91.198.115.234,17076,   ->,137.184.18.211,18080,FSPA_SA,0,0,25,2055,1321,14
2022/09/05 16:22:06.732793,0.765228,tcp,198.235.24.39,44183,   ->,137.184.18.211,3389,FSPA_FSPA,96,0,14,1927,987,8
2022/09/05 16:22:07.293113,0.758903,tcp,198.235.24.39,54205,   ->,137.184.18.211,3389,FSPA_FSPA,96,0,14,1927,987,8
2022/09/05 16:22:07.844726,0.765971,tcp,198.235.24.39,35363,   ->,137.184.18.211,3389,FSPA_FSPA,0,0,14,1927,987,8
2022/09/05 16:22:08.405151,0.759293,tcp,198.235.24.39,39393,   ->,137.184.18.211,3389,FSPA_FSPA,0,0,14,1927,987,8
2022/09/05 16:22:08.962284,0.580090,tcp,198.235.24.39,57537,   ->,137.184.18.211,3389,FSA_FSA,96,0,7,478,272,4
2022/09/05 16:22:09.146353,0.579996,tcp,198.235.24.39,54227,   ->,137.184.18.211,3389,SPA_SRPA,0,0,13,1141,655,6
2022/09/05 16:22:11.283329,0.169267,tcp,54.149.99.181,62450,   ->,137.184.18.211,3389,SRPAEC_SPA,0,0,7,468,275,4
2022/09/05 16:22:13.719861,6.653112,tcp,136.243.92.106,42056,   ->,137.184.18.211,18080,FSPA_SA,0,0,7,754,548,4
2022/09/05 16:22:20.695864,0.167622,tcp,40.115.49.158,57427,   ->,137.184.18.211,3389,SRPA_SPA,0,0,7,468,275,4
2022/09/05 16:22:26.412687,60.196320,tcp,162.218.65.221,48907,   ->,137.184.18.211,18080,FSPA_SA,0,0,57,4597,2741,29
2022/09/05 16:22:30.080929,15.212079,tcp,91.198.115.235,35363,   ->,137.184.18.211,18080,FSPA_SA,0,0,27,2247,1345,14
2022/09/05 16:22:31.821622,0.000060,tcp,143.198.164.40,57965,   ->,137.184.18.211,8080,S_RA,0,0,2,110,56,1
2022/09/05 16:22:32.494169,0.000051,tcp,167.94.138.108,8615,   ->,137.184.18.211,3128,S_RA,0,0,2,112,58,1
2022/09/05 16:22:36.999726,0.231904,tcp,54.149.99.181,52505,   ->,137.184.18.211,3389,SRPAEC_SPA,0,0,7,468,275,4
2022/09/05 16:22:37.227398,0.007498,tcp,137.184.18.211,43586,   ->,169.254.169.254,80,FSPA_FSPA,0,0,10,2110,1545,5
2022/09/05 16:22:44.778422,0.000064,tcp,1.34.84.71,44445,   ->,137.184.18.211,23,S_RA,0,0,2,110,56,1
2022/09/05 16:22:45.254637,15.254255,tcp,91.198.115.236,61742,   ->,137.184.18.211,18080,FSPA_SA,0,0,21,1791,1123,11
2022/09/05 16:22:46.001370,0.169141,tcp,40.115.49.158,61859,   ->,137.184.18.211,3389,SRPA_SPA,0,0,7,468,275,4
2022/09/05 16:23:00.458883,15.252341,tcp,91.198.115.237,53820,   ->,137.184.18.211,18080,FSPA_SA,0,0,42,3495,2125,23
2022/09/05 16:23:01.771618,0.157112,tcp,5.188.206.134,54208,   ->,137.184.18.211,54421,SR_RA,0,0,3,166,112,2
2022/09/05 16:23:08.709235,0.110070,tcp,176.111.174.109,42153,   ->,137.184.18.211,5322,SR_RA,0,0,3,166,112,2
2022/09/05 16:23:09.681746,0.171270,tcp,40.115.49.158,50328,   ->,137.184.18.211,3389,SRPA_SPA,0,0,7,468,275,4
2022/09/05 16:23:14.598551,0.083493,tcp,171.22.30.174,40638,   ->,137.184.18.211,244,SR_RA,0,0,3,170,116,2
2022/09/05 16:23:15.712761,15.072252,tcp,91.198.115.238,23096,   ->,137.184.18.211,18080,FSPA_SA,0,0,27,2247,1345,14
2022/09/05 16:23:22.222050,0.138800,tcp,185.156.73.131,57425,   ->,137.184.18.211,2200,SR_RA,0,0,3,166,112,2
2022/09/05 16:23:24.395992,0.065490,tcp,209.188.18.35,53225,   ->,137.184.18.211,333,SR_RA,0,0,3,166,112,2
2022/09/05 16:23:26.567320,60.445660,tcp,162.218.65.221,3401,   ->,137.184.18.211,18080,FSPA_SA,0,0,59,4772,2850,30
2022/09/05 16:23:30.741186,15.171774,tcp,91.198.115.239,38266,   ->,137.184.18.211,18080,FSPA_SA,0,0,27,2979,2077,14
2022/09/05 16:23:30.970846,0.165089,tcp,40.115.49.158,54316,   ->,137.184.18.211,3389,SRPA_SPA,0,0,7,468,275,4
2022/09/05 16:23:32.091454,0.117836,tcp,62.204.41.80,53291,   ->,137.184.18.211,65112,SR_RA,0,0,3,166,112,2
2022/09/05 16:23:42.086056,0.000047,tcp,167.94.145.18,55164,   ->,137.184.18.211,57725,S_RA,0,0,2,112,58,1
2022/09/05 16:23:45.869560,15.371413,tcp,91.198.115.240,44750,   ->,137.184.18.211,18080,FSPA_SA,0,0,21,1791,1123,11
2022/09/05 16:23:51.190866,0.110137,tcp,194.165.16.10,56416,   ->,137.184.18.211,3389,SRAEC_SA,0,0,4,244,178,3
2022/09/05 16:23:51.301599,0.259735,tcp,194.165.16.10,57529,   ->,137.184.18.211,3389,SRPAEC_SPA,0,0,7,469,276,4
2022/09/05 16:23:52.888875,0.167109,tcp,40.115.49.158,59430,   ->,137.184.18.211,3389,SRPA_SPA,0,0,7,468,275,4
2022/09/05 16:24:11.209106,15.847896,tcp,91.198.115.241,3257,   ->,137.184.18.211,18080,FSPA_SA,0,0,21,1791,1123,11
2022/09/05 16:24:11.659090,0.113120,tcp,62.204.41.168,42233,   ->,137.184.18.211,5497,SR_RA,0,0,3,166,112,2
2022/09/05 16:24:18.243997,0.180237,tcp,40.115.49.158,64286,   ->,137.184.18.211,3389,SRPA_SPA,0,0,7,468,275,4
2022/09/05 16:24:22.836063,0.114221,tcp,79.124.62.82,46823,   ->,137.184.18.211,18142,SR_RA,0,0,3,166,112,2
2022/09/05 16:24:24.140223,0.000055,tcp,80.66.75.92,63185,   ->,137.184.18.211,8002,S_RA,0,0,2,110,56,1
2022/09/05 16:24:26.973129,60.267860,tcp,162.218.65.221,54242,   ->,137.184.18.211,18080,FSPA_SA,0,0,41,3369,2041,21
2022/09/05 16:24:27.014463,15.158553,tcp,91.198.115.242,41282,   ->,137.184.18.211,18080,FSPA_SA,0,0,21,1791,1123,11
2022/09/05 16:24:37.240275,0.006267,tcp,137.184.18.211,42366,   ->,169.254.169.254,80,FSPA_FSPA,0,0,10,2097,1532,5
2022/09/05 16:24:40.179847,0.184739,tcp,40.115.49.158,52287,   ->,137.184.18.211,3389,SRPA_SPA,0,0,7,468,275,4
2022/09/05 16:24:42.118770,0.000054,tcp,121.43.110.27,52701,   ->,137.184.18.211,2375,S_RA,0,0,2,110,56,1
2022/09/05 16:24:42.132660,15.060313,tcp,91.198.115.243,13188,   ->,137.184.18.211,18080,FSPA_SA,0,0,25,2115,1279,13
2022/09/05 16:24:55.997313,0.000053,tcp,167.94.146.17,19478,   ->,137.184.18.211,35231,S_RA,0,0,2,112,58,1
2022/09/05 16:24:57.150523,26.802408,tcp,91.198.115.244,49183,   ->,137.184.18.211,18080,FSPA_SA,0,0,19,1616,1080,11
2022/09/05 16:25:01.556353,0.186780,tcp,40.115.49.158,56765,   ->,137.184.18.211,3389,SRPA_SPA,0,0,7,468,275,4
2022/09/05 16:25:17.217906,0.000052,tcp,192.241.193.221,56433,   ->,137.184.18.211,81,S_RA,0,0,2,110,56,1
2022/09/05 16:25:20.648636,0.127435,tcp,91.191.209.178,55049,   ->,137.184.18.211,18736,SR_RA,0,0,3,166,112,2
2022/09/05 16:25:23.780661,0.166293,tcp,40.115.49.158,61735,   ->,137.184.18.211,3389,SRPA_SPA,0,0,7,468,275,4
2022/09/05 16:25:23.906562,15.362385,tcp,91.198.115.245,3025,   ->,137.184.18.211,18080,FSPA_SA,0,0,21,1791,1123,11
2022/09/05 16:25:24.797577,0.113932,tcp,194.26.29.86,53388,   ->,137.184.18.211,2238,SR_RA,0,0,3,166,112,2
2022/09/05 16:25:27.200030,60.392929,tcp,162.218.65.221,53201,   ->,137.184.18.211,18080,FSPA_SA,0,0,61,4904,2916,31
2022/09/05 16:25:29.146974,0.225405,tcp,185.156.73.131,57425,   ->,137.184.18.211,3300,SR_RA,0,0,3,166,112,2
2022/09/05 16:25:39.227260,15.065703,tcp,91.198.115.246,6170,   ->,137.184.18.211,18080,FSPA_SA,0,0,30,2445,1543,17
2022/09/05 16:25:48.334408,0.167507,tcp,40.115.49.158,49874,   ->,137.184.18.211,3389,SRPA_SPA,0,0,7,468,275,4
2022/09/05 16:25:48.540494,0.101796,tcp,212.102.40.218,54745,   ->,137.184.18.211,443,SR_RA,0,0,3,166,112,2
2022/09/05 16:25:48.762639,0.070254,tcp,162.255.116.17,53599,   ->,137.184.18.211,13443,SR_RA,0,0,3,166,112,2
2022/09/05 16:25:56.245818,0.000052,tcp,157.245.81.154,55864,   ->,137.184.18.211,20747,S_RA,0,0,2,110,56,1
2022/09/05 16:26:04.250157,15.178821,tcp,91.198.115.247,51752,   ->,137.184.18.211,18080,FSPA_SA,0,0,21,1791,1123,11
2022/09/05 16:26:07.979723,0.114969,tcp,130.225.39.237,57466,   ->,137.184.18.211,49237,SR_RA,0,0,3,166,112,2
2022/09/05 16:26:11.274978,0.165035,tcp,40.115.49.158,54405,   ->,137.184.18.211,3389,SRPA_SPA,0,0,7,468,275,4
2022/09/05 16:26:14.409430,810.167542,tcp,116.62.223.211,57044,   ->,137.184.18.211,3389,SRPAEC_SPAE,0,0,22,1546,331,5
2022/09/05 16:26:19.384809,15.491449,tcp,91.198.115.248,20326,   ->,137.184.18.211,18080,FSPA_SA,0,0,26,2157,1321,14
2022/09/05 16:26:21.698634,0.000056,tcp,43.130.11.228,19551,   ->,137.184.18.211,9043,S_RA,0,0,2,120,66,1
2022/09/05 16:26:27.551940,60.473026,tcp,162.218.65.221,55328,   ->,137.184.18.211,18080,FSPA_SA,0,0,59,4772,2850,30
2022/09/05 16:26:28.919562,60.129440,tcp,91.198.115.80,33094,   ->,137.184.18.211,18080,FSPA_SA,0,0,69,5590,3266,35
2022/09/05 16:26:33.644191,0.167386,tcp,40.115.49.158,59485,   ->,137.184.18.211,3389,SRPA_SPA,0,0,7,468,275,4
2022/09/05 16:26:34.877258,15.111701,tcp,91.198.115.249,47868,   ->,137.184.18.211,18080,FSPA_SA,0,0,33,2865,1729,17
2022/09/05 16:26:37.249570,0.006827,tcp,137.184.18.211,45404,   ->,169.254.169.254,80,FSPA_FSPA,0,0,10,2115,1550,5
2022/09/05 16:26:41.252691,0.197280,tcp,185.156.73.131,57425,   ->,137.184.18.211,3916,SR_RA,0,0,3,166,112,2
2022/09/05 16:26:43.417762,0.119330,tcp,212.70.149.10,53337,   ->,137.184.18.211,56564,SR_RA,0,0,3,166,112,2
2022/09/05 16:26:49.730464,0.121069,tcp,176.111.174.97,42113,   ->,137.184.18.211,4548,SR_RA,0,0,3,166,112,2
2022/09/05 16:26:49.946938,15.434078,tcp,91.198.115.250,61478,   ->,137.184.18.211,18080,FSPA_SA,0,0,25,2095,1271,13
2022/09/05 16:26:54.299476,0.000051,tcp,36.26.117.36,16865,   ->,137.184.18.211,23,S_RA,0,0,2,110,56,1
2022/09/05 16:26:55.575732,0.164184,tcp,40.115.49.158,63608,   ->,137.184.18.211,3389,SRPA_SPA,0,0,7,468,275,4
2022/09/05 16:26:55.735603,0.084579,tcp,92.63.197.131,58801,   ->,137.184.18.211,31237,SR_RA,0,0,3,166,112,2
2022/09/05 16:27:05.341234,15.175727,tcp,91.198.115.251,27333,   ->,137.184.18.211,18080,FSPA_SA,0,0,30,2445,1543,17
2022/09/05 16:27:19.565365,0.000050,tcp,167.94.138.153,2276,   ->,137.184.18.211,10205,S_RA,0,0,2,112,58,1
2022/09/05 16:27:20.475293,15.053721,tcp,91.198.115.252,55375,   ->,137.184.18.211,18080,FSPA_SA,0,0,21,1791,1123,11
2022/09/05 16:27:21.477010,0.169028,tcp,40.115.49.158,52019,   ->,137.184.18.211,3389,SRPA_SPA,0,0,7,468,275,4
2022/09/05 16:27:26.801465,0.069964,tcp,216.218.206.87,60852,   ->,137.184.18.211,3389,SR_SA,0,0,3,170,112,2
2022/09/05 16:27:27.981977,60.346981,tcp,162.218.65.221,31395,   ->,137.184.18.211,18080,FSPA_SA,0,0,57,4597,2741,29
2022/09/05 16:27:29.034128,60.208363,tcp,91.198.115.80,10396,   ->,137.184.18.211,18080,FSPA_SA,0,0,74,5875,3383,38
2022/09/05 16:27:41.308578,0.101277,tcp,185.156.73.131,57425,   ->,137.184.18.211,3353,SR_RA,0,0,3,166,112,2
2022/09/05 16:27:45.487846,15.173105,tcp,91.198.115.253,60523,   ->,137.184.18.211,18080,FSPA_SA,0,0,21,1791,1123,11
2022/09/05 16:27:45.702921,0.168309,tcp,40.115.49.158,56397,   ->,137.184.18.211,3389,SRPA_SPA,0,0,7,468,275,4
2022/09/05 16:27:50.022309,0.433048,tcp,216.218.206.67,43716,   ->,137.184.18.211,3389,FSPA_FSPA,0,0,11,656,359,6
2022/09/05 16:27:53.106229,0.000053,tcp,45.148.10.81,39330,   ->,137.184.18.211,54321,S_RA,0,0,2,110,56,1
2022/09/05 16:28:00.615770,15.321200,tcp,91.198.115.254,62803,   ->,137.184.18.211,18080,FSPA_SA,0,0,21,1791,1123,11
2022/09/05 16:28:01.575700,0.333399,tcp,216.218.206.67,56472,   ->,137.184.18.211,3389,SPA_SRPA,0,0,9,674,387,4
2022/09/05 16:28:04.105162,0.000052,tcp,139.144.135.20,61000,   ->,137.184.18.211,143,S_RA,0,0,2,110,56,1
2022/09/05 16:28:09.625018,0.171685,tcp,40.115.49.158,61094,   ->,137.184.18.211,3389,SRPA_SPA,0,0,7,468,275,4
2022/09/05 16:28:15.890946,15.402043,tcp,209.222.252.2,49353,   ->,137.184.18.211,18080,FSPA_SA,0,0,27,2979,2077,14
2022/09/05 16:28:17.887620,0.000051,tcp,180.125.33.237,12213,   ->,137.184.18.211,23,S_RA,0,0,2,110,56,1
2022/09/05 16:28:24.425873,37.591141,tcp,116.62.223.211,61079,   ->,137.184.18.211,3389,SEC_SAE,0,0,11,726,198,3
2022/09/05 16:28:29.242721,60.310249,tcp,91.198.115.80,5802,   ->,137.184.18.211,18080,FSPA_SA,0,0,73,5854,3464,38
2022/09/05 16:28:31.247129,15.533857,tcp,209.222.252.3,32718,   ->,137.184.18.211,18080,FSPA_SA,0,0,34,2769,1567,17
2022/09/05 16:28:33.292977,0.129315,tcp,78.128.113.158,54463,   ->,137.184.18.211,425,SR_RA,0,0,3,166,112,2
2022/09/05 16:28:33.386756,0.170753,tcp,40.115.49.158,49254,   ->,137.184.18.211,3389,SRPA_SPA,0,0,7,468,275,4
2022/09/05 16:28:37.259555,0.007344,tcp,137.184.18.211,40626,   ->,169.254.169.254,80,FSPA_FSPA,0,0,10,2097,1532,5
2022/09/05 16:28:46.735633,15.401336,tcp,209.222.252.4,46053,   ->,137.184.18.211,18080,FSPA_SA,0,0,21,1791,1123,11
2022/09/05 16:28:56.865280,0.163337,tcp,40.115.49.158,54679,   ->,137.184.18.211,3389,SRPA_SPA,0,0,7,468,275,4
2022/09/05 16:29:01.197851,0.119520,tcp,5.188.206.38,54873,   ->,137.184.18.211,10826,SR_RA,0,0,3,166,112,2
2022/09/05 16:29:02.094592,15.462381,tcp,209.222.252.5,42752,   ->,137.184.18.211,18080,FSPA_SA,0,0,21,1791,1123,11
2022/09/05 16:29:08.147644,0.208305,tcp,45.95.147.196,58244,   ->,137.184.18.211,32632,SR_RA,0,0,3,166,112,2
2022/09/05 16:29:17.539993,0.000048,tcp,92.255.85.70,34944,   ->,137.184.18.211,22,S_RA,0,0,2,128,74,1
2022/09/05 16:29:21.415106,0.176969,tcp,40.115.49.158,59522,   ->,137.184.18.211,3389,SRPA_SPA,0,0,7,468,275,4
2022/09/05 16:29:27.517778,15.523170,tcp,209.222.252.6,45138,   ->,137.184.18.211,18080,FSPA_SA,0,0,27,2247,1345,14
2022/09/05 16:29:28.329505,6.070612,tcp,216.218.206.67,61650,   ->,137.184.18.211,3389,FSPA_FSPA,0,0,102,57857,5544,51
2022/09/05 16:29:29.513325,60.119659,tcp,91.198.115.80,50452,   ->,137.184.18.211,18080,FSPA_SA,0,0,63,5134,3044,32
2022/09/05 16:29:38.825793,0.111188,tcp,176.111.174.111,42200,   ->,137.184.18.211,5382,SR_RA,0,0,3,166,112,2
2022/09/05 16:29:42.998051,15.070915,tcp,209.222.252.7,50242,   ->,137.184.18.211,18080,FSPA_SA,0,0,27,2247,1345,14
2022/09/05 16:29:43.873937,0.083610,tcp,5.188.87.3,41829,   ->,137.184.18.211,10485,SR_RA,0,0,3,166,112,2
2022/09/05 16:29:47.479416,0.243788,tcp,40.115.49.158,64392,   ->,137.184.18.211,3389,SRPA_SPA,0,0,7,468,275,4
2022/09/05 16:29:52.735454,0.166090,tcp,5.188.206.66,57941,   ->,137.184.18.211,8116,SR_RA,0,0,3,166,112,2
2022/09/05 16:29:58.026941,15.054009,tcp,209.222.252.8,56632,   ->,137.184.18.211,18080,FSPA_SA,0,0,21,1791,1123,11
2022/09/05 16:30:04.522882,0.109001,tcp,79.124.62.78,46825,   ->,137.184.18.211,19595,SR_RA,0,0,3,166,112,2
2022/09/05 16:30:08.303636,0.109068,tcp,79.124.62.130,46826,   ->,137.184.18.211,24250,SR_RA,0,0,3,166,112,2
2022/09/05 16:30:09.501623,5.147340,tcp,78.130.162.139,56010,   ->,137.184.18.211,18080,FSPA_SA,0,0,7,754,548,4
2022/09/05 16:30:10.658954,0.222401,tcp,40.115.49.158,52726,   ->,137.184.18.211,3389,SRPA_SPA,0,0,7,468,275,4
2022/09/05 16:30:13.038615,15.102351,tcp,209.222.252.9,40796,   ->,137.184.18.211,18080,FSPA_SA,0,0,27,2328,1426,14
2022/09/05 16:30:22.463972,0.000056,udp,130.225.39.237,57466,   ->,137.184.18.211,47121,REQ,0,,1,56,56,1
2022/09/05 16:30:22.464028,0.000000,icmp,137.184.18.211,0x0303,   ->,130.225.39.237,0x11b8,URP,192,,1,70,70,1
2022/09/05 16:30:28.096420,15.132532,tcp,209.222.252.10,12462,   ->,137.184.18.211,18080,FSPA_SA,0,0,21,1791,1123,11
2022/09/05 16:30:29.590556,60.302418,tcp,91.198.115.80,38994,   ->,137.184.18.211,18080,FSPA_SA,0,0,57,4597,2741,29
2022/09/05 16:30:32.649071,0.583089,tcp,116.62.223.211,65049,   ->,137.184.18.211,3389,SRPAEC_SPAE,0,2,9,580,387,6
2022/09/05 16:30:32.843616,0.080777,tcp,92.63.197.162,47125,   ->,137.184.18.211,31551,SR_RA,0,0,3,166,112,2
2022/09/05 16:30:33.628975,0.182676,tcp,40.115.49.158,57401,   ->,137.184.18.211,3389,SRPA_SPA,0,0,7,468,275,4
2022/09/05 16:30:34.859496,0.138600,tcp,92.63.197.168,47098,   ->,137.184.18.211,62102,SR_RA,0,0,3,166,112,2
2022/09/05 16:30:37.268224,0.009648,tcp,137.184.18.211,35990,   ->,169.254.169.254,80,FSPA_FSPA,0,0,10,2115,1550,5
2022/09/05 16:30:42.793784,0.000051,tcp,172.104.29.132,61000,   ->,137.184.18.211,993,S_RA,0,0,2,110,56,1
2022/09/05 16:30:43.185965,15.099028,tcp,209.222.252.11,40191,   ->,137.184.18.211,18080,FSPA_SA,0,0,31,3243,2209,16
2022/09/05 16:30:49.024885,4.988066,tcp,78.46.192.174,34738,   ->,137.184.18.211,18080,FSPA_SA,0,0,9,945,673,5
2022/09/05 16:30:55.869531,0.166540,tcp,40.115.49.158,62325,   ->,137.184.18.211,3389,SRPA_SPA,0,0,7,468,275,4
2022/09/05 16:31:03.374050,0.077805,tcp,92.63.197.169,47138,   ->,137.184.18.211,13344,SR_RA,0,0,3,166,112,2
2022/09/05 16:31:07.535884,0.001091,udp,137.184.18.211,45594,  <->,67.207.67.2,53,CON,0,0,2,234,101,1
2022/09/05 16:31:07.536436,0.001505,udp,137.184.18.211,57445,  <->,67.207.67.2,53,CON,0,0,2,234,101,1
2022/09/05 16:31:07.536746,0.000578,udp,137.184.18.211,33076,  <->,67.207.67.2,53,CON,0,0,2,258,101,1
2022/09/05 16:31:07.536853,0.000242,udp,137.184.18.211,36350,  <->,67.207.67.2,53,CON,0,0,2,258,101,1
2022/09/05 16:31:07.537657,0.032992,tcp,137.184.18.211,46694,   ->,104.16.181.15,443,FSPA_FSPA,0,0,65,120866,2099,26
2022/09/05 16:31:08.243519,15.201479,tcp,209.222.252.12,9723,   ->,137.184.18.211,18080,FSPA_SA,0,0,22,1857,1123,11
2022/09/05 16:31:18.177379,0.171633,tcp,40.115.49.158,50606,   ->,137.184.18.211,3389,SRPA_SPA,0,0,7,468,275,4
2022/09/05 16:31:23.403752,15.085215,tcp,209.222.252.13,7898,   ->,137.184.18.211,18080,FSPA_SA,0,0,33,2703,1567,17
2022/09/05 16:31:29.852104,60.288876,tcp,91.198.115.80,25327,   ->,137.184.18.211,18080,FSPA_SA,0,0,63,5053,2963,32
2022/09/05 16:31:38.453303,15.139677,tcp,209.222.252.14,59238,   ->,137.184.18.211,18080,FSPA_SA,0,0,22,1857,1123,11
2022/09/05 16:31:38.860553,0.000052,tcp,66.240.205.34,20368,   ->,137.184.18.211,9633,S_RA,16,16,2,112,58,1
2022/09/05 16:31:42.292498,0.193836,tcp,185.156.73.131,57425,   ->,137.184.18.211,3396,SR_RA,0,0,3,166,112,2
2022/09/05 16:31:44.037441,0.177575,tcp,40.115.49.158,55568,   ->,137.184.18.211,3389,SRPA_SPA,0,0,7,468,275,4
2022/09/05 16:31:44.380059,0.000054,tcp,159.223.38.249,61953,   ->,137.184.18.211,8021,S_RA,0,0,2,110,56,1
2022/09/05 16:31:45.760732,0.082878,tcp,92.63.197.161,47047,   ->,137.184.18.211,7754,SR_RA,0,0,3,166,112,2
2022/09/05 16:31:47.649891,0.000061,tcp,92.118.39.30,33315,   ->,137.184.18.211,7777,S_RA,0,0,2,110,56,1
2022/09/05 16:31:53.552232,15.052735,tcp,209.222.252.15,17142,   ->,137.184.18.211,18080,FSPA_SA,0,0,27,2328,1426,14
2022/09/05 16:32:04.554512,0.000000,ipv6-icmp,fe80::4ee:32ff:fed6:451a,133,   ->,ff02::2,0,NRS,92,,1,70,70,1
2022/09/05 16:32:07.140012,0.176355,tcp,40.115.49.158,60530,   ->,137.184.18.211,3389,SRPA_SPA,0,0,7,468,275,4
2022/09/05 16:32:08.564757,15.472198,tcp,209.222.252.16,26444,   ->,137.184.18.211,18080,FSPA_SA,0,0,27,2247,1345,14
2022/09/05 16:32:09.873638,0.203532,tcp,78.128.113.18,57990,   ->,137.184.18.211,8717,SR_RA,0,0,3,166,112,2
2022/09/05 16:32:11.851807,0.000051,tcp,43.129.35.207,53875,   ->,137.184.18.211,7002,S_RA,0,0,2,120,66,1
2022/09/05 16:32:13.839778,0.000050,tcp,113.131.201.10,58402,   ->,137.184.18.211,8080,S_RA,0,0,2,110,56,1
2022/09/05 16:32:21.404043,0.000054,tcp,94.102.61.49,44142,   ->,137.184.18.211,9006,S_RA,0,0,2,112,58,1
2022/09/05 16:32:23.994483,15.250124,tcp,209.222.252.17,51695,   ->,137.184.18.211,18080,FSPA_SA,0,0,26,2157,1321,14
2022/09/05 16:32:29.794587,0.172907,tcp,40.115.49.158,64952,   ->,137.184.18.211,3389,SRPA_SPA,0,0,7,468,275,4
2022/09/05 16:32:30.101003,60.423965,tcp,91.198.115.80,37990,   ->,137.184.18.211,18080,FSPA_SA,0,0,83,6839,3981,42
2022/09/05 16:32:35.353276,0.000053,tcp,212.86.117.65,48738,   ->,137.184.18.211,5555,S_RA,0,0,2,128,74,1
2022/09/05 16:32:37.277851,0.007803,tcp,137.184.18.211,40954,   ->,169.254.169.254,80,FSPA_FSPA,0,0,10,2092,1527,5
2022/09/05 16:32:41.306838,0.257956,tcp,116.62.223.211,52974,   ->,137.184.18.211,3389,SRPAEC_SRAE,0,0,8,505,331,5
2022/09/05 16:32:49.250334,15.114620,tcp,209.222.252.18,31455,   ->,137.184.18.211,18080,FSPA_SA,0,0,24,1989,1321,14
2022/09/05 16:32:49.360286,0.000049,tcp,46.101.224.69,55635,   ->,137.184.18.211,33288,S_RA,0,0,2,110,56,1
2022/09/05 16:32:51.553618,0.172772,tcp,40.115.49.158,53247,   ->,137.184.18.211,3389,SRPA_SPA,0,0,7,468,275,4
2022/09/05 16:33:04.326549,15.390421,tcp,209.222.252.19,55192,   ->,137.184.18.211,18080,FSPA_SA,0,0,27,2328,1426,14
2022/09/05 16:33:07.103466,0.073567,tcp,92.63.197.169,47138,   ->,137.184.18.211,5002,SR_RA,0,0,3,166,112,2
2022/09/05 16:33:13.412695,0.078625,tcp,45.143.203.95,48584,   ->,137.184.18.211,60225,SR_RA,0,0,3,166,112,2
2022/09/05 16:33:14.655643,5.061411,tcp,74.102.106.106,63985,   ->,137.184.18.211,18080,FSPA_SA,0,0,7,700,526,4
2022/09/05 16:33:16.066656,0.216620,tcp,185.156.73.131,57425,   ->,137.184.18.211,3911,SR_RA,0,0,3,166,112,2
2022/09/05 16:33:16.711086,0.166254,tcp,40.115.49.158,57652,   ->,137.184.18.211,3389,SRPA_SPA,0,0,7,468,275,4
2022/09/05 16:33:19.680115,15.080883,tcp,209.222.252.20,43292,   ->,137.184.18.211,18080,FSPA_SA,0,0,19,1659,1057,10
2022/09/05 16:33:20.297283,5.091701,tcp,172.58.84.127,44479,   ->,137.184.18.211,18080,FSPA_SA,8,0,7,772,566,4
2022/09/05 16:33:27.913480,0.082003,tcp,185.156.73.131,57425,   ->,137.184.18.211,3912,SR_RA,0,0,3,166,112,2
2022/09/05 16:33:30.481098,60.335873,tcp,91.198.115.80,10384,   ->,137.184.18.211,18080,FSPA_SA,0,0,79,6353,3663,40
2022/09/05 16:33:33.005025,0.000058,tcp,92.118.39.88,34591,   ->,137.184.18.211,80,S_RA,0,0,2,110,56,1
2022/09/05 16:33:34.719058,15.081908,tcp,209.222.252.21,10147,   ->,137.184.18.211,18080,FSPA_SA,0,0,30,2526,1624,17
2022/09/05 16:33:36.549336,0.000056,tcp,39.100.80.15,4076,   ->,137.184.18.211,80,S_RA,0,0,2,110,56,1
2022/09/05 16:33:39.456274,0.171268,tcp,40.115.49.158,62379,   ->,137.184.18.211,3389,SRPA_SPA,0,0,7,468,275,4
2022/09/05 16:33:44.577818,0.000051,tcp,162.142.125.237,6617,   ->,137.184.18.211,3179,S_RA,0,0,2,112,58,1
2022/09/05 16:33:48.319366,5.133583,tcp,82.69.50.50,56688,   ->,137.184.18.211,18080,FSPA_SA,0,0,7,754,548,4
2022/09/05 16:33:49.757992,15.326976,tcp,209.222.252.22,4059,   ->,137.184.18.211,18080,FSPA_SA,0,0,25,2055,1321,14
2022/09/05 16:33:50.248305,0.000048,tcp,113.88.112.55,34209,   ->,137.184.18.211,445,S_RA,0,0,2,120,66,1
2022/09/05 16:33:50.778487,0.000054,tcp,167.94.146.28,37152,   ->,137.184.18.211,37865,S_RA,32,32,2,112,58,1
2022/09/05 16:34:01.537326,0.163919,tcp,40.115.49.158,50957,   ->,137.184.18.211,3389,SRPA_SPA,0,0,7,468,275,4
2022/09/05 16:34:05.037809,15.279169,tcp,209.222.252.23,20034,   ->,137.184.18.211,18080,FSPA_SA,0,0,27,2328,1426,14
2022/09/05 16:34:06.080151,0.000053,tcp,139.144.135.77,61000,   ->,137.184.18.211,25,S_RA,0,0,2,110,56,1
2022/09/05 16:34:10.726899,0.111536,tcp,194.26.29.195,52926,   ->,137.184.18.211,4462,SR_RA,0,0,3,166,112,2
2022/09/05 16:34:18.240373,0.000054,tcp,143.244.183.121,61953,   ->,137.184.18.211,3690,S_RA,0,0,2,110,56,1
2022/09/05 16:34:24.051092,0.165440,tcp,40.115.49.158,55378,   ->,137.184.18.211,3389,SRPA_SPA,0,0,7,468,275,4
2022/09/05 16:34:30.275843,15.553111,tcp,209.222.252.24,53380,   ->,137.184.18.211,18080,FSPA_SA,0,0,27,2979,2077,14
2022/09/05 16:34:30.776666,60.384293,tcp,91.198.115.80,1381,   ->,137.184.18.211,18080,FSPA_SA,0,0,57,4597,2741,29
2022/09/05 16:34:30.779950,60.429043,tcp,91.198.115.235,12318,   ->,137.184.18.211,18080,FSPA_SA,0,0,81,6664,3872,41
2022/09/05 16:34:37.287715,0.008337,tcp,137.184.18.211,55128,   ->,169.254.169.254,80,FSPA_FSPA,0,0,10,2080,1515,5
2022/09/05 16:34:38.289151,0.069067,udp,137.184.18.211,50907,  <->,185.125.190.58,123,CON,16,0,2,180,90,1
2022/09/05 16:34:43.822462,0.000051,tcp,82.146.125.170,41945,   ->,137.184.18.211,5950,S_RA,0,0,2,116,62,1
2022/09/05 16:34:45.787699,15.425282,tcp,209.222.252.25,2906,   ->,137.184.18.211,18080,FSPA_SA,0,0,27,2328,1426,14
2022/09/05 16:34:49.235409,0.834417,tcp,40.115.49.158,60145,   ->,137.184.18.211,3389,SRPA_SPA,0,0,7,468,275,4
2022/09/05 16:34:51.846593,37.502392,tcp,116.62.223.211,56953,   ->,137.184.18.211,3389,SEC_SAE,0,0,11,726,198,3
2022/09/05 16:34:55.443977,0.080536,tcp,45.143.203.95,48584,   ->,137.184.18.211,60214,SR_RA,0,0,3,166,112,2
2022/09/05 16:34:57.551578,0.058817,tcp,162.0.208.183,54247,   ->,137.184.18.211,4443,SR_RA,0,0,3,166,112,2
2022/09/05 16:35:01.170849,15.358157,tcp,209.222.252.26,65248,   ->,137.184.18.211,18080,FSPA_SA,0,0,21,1791,1123,11
2022/09/05 16:35:02.046435,6.770553,tcp,31.40.214.90,56826,   ->,137.184.18.211,18080,FSPA_SA,0,0,7,754,548,4
2022/09/05 16:35:11.467463,0.172506,tcp,40.115.49.158,64780,   ->,137.184.18.211,3389,SRPA_SPA,0,0,7,468,275,4
2022/09/05 16:35:16.484300,15.760699,tcp,209.222.252.27,8185,   ->,137.184.18.211,18080,FSPA_SA,0,0,33,3516,2380,17
2022/09/05 16:35:19.225625,0.120439,tcp,91.191.209.210,54878,   ->,137.184.18.211,5929,SR_RA,0,0,3,166,112,2
2022/09/05 16:35:19.262643,0.215677,tcp,185.156.73.131,57425,   ->,137.184.18.211,3205,SR_RA,0,0,3,166,112,2
2022/09/05 16:35:26.864972,0.000053,tcp,171.22.30.130,48449,   ->,137.184.18.211,8080,S_RA,0,0,2,110,56,1
2022/09/05 16:35:30.742282,0.000000,ipv6-icmp,fe80::fcee:32ff:fed6:451a,133,   ->,ff02::2,0,NRS,0,,1,70,70,1
2022/09/05 16:35:31.115775,60.329182,tcp,91.198.115.80,52208,   ->,137.184.18.211,18080,FSPA_SA,0,0,69,5590,3266,35
2022/09/05 16:35:31.169019,60.611977,tcp,91.198.115.235,64660,   ->,137.184.18.211,18080,FSPA_SA,0,0,77,6302,3678,39
2022/09/05 16:35:32.203758,15.221212,tcp,209.222.252.28,20965,   ->,137.184.18.211,18080,FSPA_SA,0,0,27,2247,1345,14
2022/09/05 16:35:33.615657,0.223167,tcp,40.115.49.158,53089,   ->,137.184.18.211,3389,SRPA_SPA,0,0,7,468,275,4
2022/09/05 16:35:42.506556,0.000070,tcp,192.241.192.236,54305,   ->,137.184.18.211,443,S_RA,0,0,2,110,56,1
2022/09/05 16:35:47.388110,15.384887,tcp,209.222.252.29,54391,   ->,137.184.18.211,18080,FSPA_SA,0,0,37,2967,1831,21
2022/09/05 16:35:56.479099,0.181449,tcp,40.115.49.158,57478,   ->,137.184.18.211,3389,SRPA_SPA,0,0,7,468,275,4
2022/09/05 16:35:59.518149,0.112347,tcp,79.124.62.82,46823,   ->,137.184.18.211,13447,SR_RA,0,0,3,166,112,2
2022/09/05 16:36:02.909323,0.001114,udp,137.184.18.211,35085,  <->,67.207.67.2,53,CON,0,0,2,214,91,1
2022/09/05 16:36:02.909481,0.002024,udp,137.184.18.211,34752,  <->,67.207.67.2,53,CON,0,0,2,214,91,1
2022/09/05 16:36:02.909879,0.001474,udp,137.184.18.211,44815,  <->,67.207.67.2,53,CON,0,0,2,241,91,1
2022/09/05 16:36:02.910184,0.001169,udp,137.184.18.211,59184,  <->,67.207.67.2,53,CON,0,0,2,241,91,1
2022/09/05 16:36:02.911845,123.884315,tcp,137.184.18.211,44952,   ->,199.247.27.41,443,FSPA_FSPA,0,0,26,9231,1948,14
2022/09/05 16:36:08.030327,0.000053,udp,130.225.39.237,57466,   ->,137.184.18.211,251,REQ,0,,1,56,56,1
2022/09/05 16:36:08.030380,0.000000,icmp,137.184.18.211,0x0303,   ->,130.225.39.237,0xfb00,URP,192,,1,70,70,1
2022/09/05 16:36:11.443086,0.106611,tcp,46.161.27.47,48505,   ->,137.184.18.211,10000,SR_RA,0,0,3,166,112,2
2022/09/05 16:36:12.730830,15.458132,tcp,209.222.252.30,27451,   ->,137.184.18.211,18080,FSPA_SA,0,0,39,3972,2602,20
2022/09/05 16:36:20.098830,0.000054,tcp,212.111.40.132,60089,   ->,137.184.18.211,3306,S_RA,0,0,2,110,56,1
2022/09/05 16:36:21.140689,0.180520,tcp,40.115.49.158,61996,   ->,137.184.18.211,3389,SRPA_SPA,0,0,7,468,275,4
2022/09/05 16:36:28.148537,15.284418,tcp,209.222.252.31,58276,   ->,137.184.18.211,18080,FSPA_SA,0,0,28,2394,1426,14
2022/09/05 16:36:31.740265,60.492687,tcp,91.198.115.235,6291,   ->,137.184.18.211,18080,FSPA_SA,0,0,63,5134,3044,32
2022/09/05 16:36:31.814367,5.070642,tcp,174.91.40.37,24790,   ->,137.184.18.211,18080,FSPA_SA,0,0,7,754,548,4
2022/09/05 16:36:37.302789,0.013789,tcp,137.184.18.211,33528,   ->,169.254.169.254,80,FSPA_FSPA,0,0,10,2088,1523,5
2022/09/05 16:36:40.783328,0.000051,tcp,162.220.165.123,50465,   ->,137.184.18.211,80,S_RA,0,0,2,110,56,1
2022/09/05 16:36:43.392459,15.352511,tcp,209.222.252.32,38278,   ->,137.184.18.211,18080,FSPA_SA,0,0,27,2328,1426,14
2022/09/05 16:36:43.737760,0.163293,tcp,40.115.49.158,51015,   ->,137.184.18.211,3389,SRPA_SPA,0,0,7,468,275,4
2022/09/05 16:36:47.544329,0.000052,tcp,172.105.128.65,61000,   ->,137.184.18.211,465,S_RA,0,0,2,110,56,1
2022/09/05 16:36:49.802963,0.463208,tcp,91.191.209.46,53744,   ->,137.184.18.211,26082,SR_RA,0,0,3,166,112,2
2022/09/05 16:36:49.823127,0.074087,tcp,92.63.197.160,47112,   ->,137.184.18.211,4621,SR_RA,0,0,3,166,112,2
2022/09/05 16:36:54.891421,0.126895,tcp,5.8.18.8,54809,   ->,137.184.18.211,54472,SR_RA,0,0,3,166,112,2
2022/09/05 16:36:55.268837,0.162322,tcp,79.124.62.86,46824,   ->,137.184.18.211,60639,SR_RA,0,0,3,166,112,2
2022/09/05 16:36:58.703209,15.497746,tcp,209.222.252.33,27468,   ->,137.184.18.211,18080,FSPA_SA,0,0,21,1791,1123,11
2022/09/05 16:36:59.974775,23.242212,tcp,78.46.172.253,42088,   ->,137.184.18.211,18080,FSPA_SA,0,0,9,945,673,5
2022/09/05 16:37:01.205870,0.000051,tcp,141.98.10.63,50050,   ->,137.184.18.211,22,S_RA,0,0,2,128,74,1
2022/09/05 16:37:05.755974,0.191091,tcp,40.115.49.158,55116,   ->,137.184.18.211,3389,SRPA_SPA,0,0,7,468,275,4
2022/09/05 16:37:07.084948,0.000055,udp,146.88.240.4,56104,   ->,137.184.18.211,53,REQ,0,,1,89,89,1
2022/09/05 16:37:07.085003,0.000000,icmp,137.184.18.211,0x0303,   ->,146.88.240.4,0x3500,URP,192,,1,117,117,1
2022/09/05 16:37:14.158157,15.066798,tcp,209.222.252.34,47185,   ->,137.184.18.211,18080,FSPA_SA,0,0,27,2247,1345,14
2022/09/05 16:37:17.373801,0.117327,tcp,176.111.174.89,42025,   ->,137.184.18.211,4443,SR_RA,0,0,3,166,112,2
2022/09/05 16:37:23.984461,0.115867,tcp,176.111.174.112,42217,   ->,137.184.18.211,5429,SR_RA,0,0,3,166,112,2
2022/09/05 16:37:28.696185,0.176991,tcp,40.115.49.158,59481,   ->,137.184.18.211,3389,SRPA_SPA,0,0,7,468,275,4
2022/09/05 16:37:29.185332,15.120799,tcp,209.222.252.35,2423,   ->,137.184.18.211,18080,FSPA_SA,0,0,19,1659,1057,10
2022/09/05 16:37:32.192489,60.056473,tcp,91.198.115.235,46049,   ->,137.184.18.211,18080,FSPA_SA,0,0,63,5053,2963,32
2022/09/05 16:37:52.975210,0.168974,tcp,40.115.49.158,63993,   ->,137.184.18.211,3389,SRPA_SPA,0,0,7,468,275,4
2022/09/05 16:37:54.269700,15.187255,tcp,209.222.252.36,22435,   ->,137.184.18.211,18080,FSPA_SA,0,0,27,2247,1345,14
2022/09/05 16:37:57.338148,0.000056,tcp,71.6.233.11,8983,   ->,137.184.18.211,8983,S_RA,0,0,2,110,56,1
2022/09/05 16:38:00.952985,0.000050,tcp,64.62.197.92,44187,   ->,137.184.18.211,6443,S_RA,0,0,2,110,56,1
2022/09/05 16:38:07.714553,0.080539,tcp,92.63.197.83,45030,   ->,137.184.18.211,33947,SR_RA,0,0,3,166,112,2
2022/09/05 16:38:09.416883,15.236108,tcp,209.222.252.37,55841,   ->,137.184.18.211,18080,FSPA_SA,0,0,21,1791,1123,11
2022/09/05 16:38:10.986267,0.081286,tcp,92.63.197.156,47060,   ->,137.184.18.211,12802,SR_RA,0,0,3,166,112,2
2022/09/05 16:38:14.386409,0.182439,tcp,40.115.49.158,52074,   ->,137.184.18.211,3389,SRPA_SPA,0,0,7,468,275,4
2022/09/05 16:38:15.254601,0.106970,tcp,79.124.62.86,46824,   ->,137.184.18.211,15736,SR_RA,0,0,3,166,112,2
2022/09/05 16:38:16.391430,0.220384,tcp,185.156.73.131,57425,   ->,137.184.18.211,3371,SR_RA,0,0,3,166,112,2
2022/09/05 16:38:24.610160,15.170802,tcp,209.222.252.38,48585,   ->,137.184.18.211,18080,FSPA_SA,0,0,28,2394,1426,14
2022/09/05 16:38:25.064064,5.156938,tcp,135.181.58.226,33126,   ->,137.184.18.211,18080,FSPA_SA,0,0,7,754,548,4
2022/09/05 16:38:32.205524,60.024662,tcp,91.198.115.235,17372,   ->,137.184.18.211,18080,FSPA_SA,0,0,83,6770,3900,42
2022/09/05 16:38:37.182753,0.094123,tcp,185.156.73.165,47245,   ->,137.184.18.211,15525,SR_RA,0,0,3,166,112,2
2022/09/05 16:38:37.320776,0.181287,tcp,40.115.49.158,57167,   ->,137.184.18.211,3389,SRPA_SPA,0,0,7,468,275,4
2022/09/05 16:38:37.327856,0.018926,tcp,137.184.18.211,39176,   ->,169.254.169.254,80,FSPA_FSPA,0,0,10,2110,1545,5
2022/09/05 16:38:39.735723,15.161216,tcp,209.222.252.39,57318,   ->,137.184.18.211,18080,FSPA_SA,0,0,27,2223,1387,15
2022/09/05 16:38:47.577817,0.122974,tcp,79.124.62.82,46823,   ->,137.184.18.211,63508,SR_RA,0,0,3,166,112,2
2022/09/05 16:38:54.880071,15.328888,tcp,209.222.252.40,49570,   ->,137.184.18.211,18080,FSPA_SA,0,0,21,1791,1123,11
2022/09/05 16:38:57.329526,0.106810,tcp,89.248.165.120,55918,   ->,137.184.18.211,3400,SR_RA,0,0,3,166,112,2
2022/09/05 16:38:58.585245,0.273444,tcp,116.62.223.211,64942,   ->,137.184.18.211,3389,SRPAEC_SRAE,0,0,8,505,331,5
2022/09/05 16:39:01.909819,0.221614,tcp,40.115.49.158,62004,   ->,137.184.18.211,3389,SRPA_SPA,0,0,7,468,275,4
2022/09/05 16:39:05.434823,0.014163,tcp,162.218.65.219,40697,   ->,137.184.18.211,18080,FSA_SA,0,0,5,346,206,3
2022/09/05 16:39:05.445686,0.000044,tcp,162.218.65.219,56604,   ->,137.184.18.211,18081,S_RA,0,0,2,128,74,1
2022/09/05 16:39:06.076622,0.078432,tcp,92.63.197.131,58801,   ->,137.184.18.211,31119,SR_RA,0,0,3,166,112,2
2022/09/05 16:39:10.168356,15.172632,tcp,209.222.252.41,27552,   ->,137.184.18.211,18080,FSPA_SA,0,0,33,2703,1567,17
2022/09/05 16:39:23.599890,0.172241,tcp,40.115.49.158,50357,   ->,137.184.18.211,3389,SRPA_SPA,0,0,7,468,275,4
2022/09/05 16:39:24.956669,0.074335,tcp,92.63.197.83,45030,   ->,137.184.18.211,33675,SR_RA,0,0,3,166,112,2
2022/09/05 16:39:28.226182,0.095881,tcp,185.156.74.34,55664,   ->,137.184.18.211,9547,SR_RA,0,0,3,166,112,2
2022/09/05 16:39:32.230705,46.195614,tcp,91.198.115.235,49628,   ->,137.184.18.211,18080,SPA_SA,0,0,53,5168,3408,27
2022/09/05 16:39:35.295845,15.289107,tcp,209.222.252.42,13111,   ->,137.184.18.211,18080,FSPA_SA,0,0,27,2247,1345,14
2022/09/05 16:39:35.761086,5.127900,tcp,49.12.80.44,33560,   ->,137.184.18.211,18080,FSPA_SA,0,0,7,754,548,4
2022/09/05 16:39:45.700691,0.214737,tcp,40.115.49.158,54828,   ->,137.184.18.211,3389,SRPA_SPA,0,0,7,468,275,4
2022/09/05 16:39:46.336446,0.099338,tcp,89.248.165.120,55918,   ->,137.184.18.211,3399,SR_RA,0,0,3,166,112,2
2022/09/05 16:39:47.059790,0.157909,tcp,185.156.73.165,47245,   ->,137.184.18.211,11414,SR_RA,0,0,3,166,112,2
2022/09/05 16:39:48.140337,0.000052,tcp,168.90.29.73,19455,   ->,137.184.18.211,23,S_RA,32,32,2,110,56,1
2022/09/05 16:39:50.542497,15.462482,tcp,209.222.252.43,22834,   ->,137.184.18.211,18080,FSPA_SA,0,0,33,2784,1648,17
2022/09/05 16:39:52.191122,0.000056,udp,130.225.39.237,57466,   ->,137.184.18.211,49294,REQ,0,,1,56,56,1
2022/09/05 16:39:52.191178,0.000000,icmp,137.184.18.211,0x0303,   ->,130.225.39.237,0x8ec0,URP,192,,1,70,70,1
2022/09/05 16:40:05.949982,15.087001,tcp,209.222.252.44,3933,   ->,137.184.18.211,18080,FSPA_SA,0,0,27,2979,2077,14
2022/09/05 16:40:08.109931,0.000053,tcp,141.255.162.226,50473,   ->,137.184.18.211,22,S_RA,0,0,2,110,56,1
2022/09/05 16:40:10.304612,0.177869,tcp,40.115.49.158,59849,   ->,137.184.18.211,3389,SRPA_SPA,0,0,7,468,275,4
2022/09/05 16:40:15.021520,0.104018,tcp,89.248.165.104,42123,   ->,137.184.18.211,8998,SR_RA,0,0,3,166,112,2
2022/09/05 16:40:20.993590,0.016521,tcp,209.222.252.45,22335,   ->,137.184.18.211,18080,SPA_SA,0,0,8,804,532,4
2022/09/05 16:40:21.831613,31.752893,man,0,0,,1067,1,STP,,,0,15441408,0,0
